fed2197d6dd8c63bd453829385cc50117a69d7ba4fbe8e25038a764fbd8424f0	0.6
ff0b8a9740b9869790f7523b56a3dd4b30d4dd29ba2bfe5b56b53f2decc6990a	3.75
8c8d9da05364eddb544ac62a6094960ae5f150d73cd7cdfc0c41e228348c1310	2.8
b8feb530def113ee843a0e7e2a00855382d6bc2fc18407443c0bfef4852e0123	2.4
2a97f7603828b6ee3dbd491b9af96fa3c278bef1f9617c8c01aa7ef9428c0244	2.2
3cd90c13984787f566bfb615c5b94ac3766a2eefd22209294796e0cea15534a7	2.2
1b7faec56168b8475c5b31085116a4bb2bf35bbdb9c4794b165a7e7a67fdd0db	0
dee0ac91f0d9026f4bc89d428911ef45a1ff47f370ab44a039bfceae6fa4a280	1.4
58a21c0cbab02a8a290aa964adc0893978f9e4ed0339aca1adfd7d885ff51810	2.2
9f92ee31bd39c4cfa13faea22c37f16c2e231dbf5408d03a9c53cd2e0501e1a9	2.4
2fe3c8184eea4a5cf865e031966f06ca0f6e82feaa60692927707ea0346a7c07	2.6
b99b9913bd31ad47a97c98ba3cd4e8b6771a758caa854b53956025504d213cb4	1.2
e9c8c4b48ab4f285d62f1e609aec2a0279de48cf2d4880a7a8fcad10ca981703	3
0d94eefe015fd3a411f88426c813b86fbcd2119b10259b60d2e17fbdd4f6d312	3.4
aab07150b05d810632135ddcadd3892c58a66ef13ace1cca22141c6547072492	2.6
9bf8c8ef2fa088be1bd849706ac7d1a5127140a5ad338c3693121f1a351796a3	1.4
61a374eda74f46a28e56cdd0e5b490d0fff6ddd97af7e65ad393d1473e470bcf	2.4
1219dcc04656c3d1dda5622d8d99c61203df875e8b5411a9e69e44823105aab4	2.8
7dd3b5588434580415791501b403d78cab3c831bd7c73926ddedd6d160099ddc	2.6
ca7bc427ec9c671a55605aeeff3eeba2c821c97273f74a1a4ae0f4b89417c893	1
abf7aefc4c73afaac59c752a1ba647abb967659cddc026c3a36bfc4d39e1da3c	2
502d5dc89348e28c3ddf12d53d089557096ef36cb1c257078dfc1a40bbe23186	2.2
0e3020bf685548deff4ecf4bf5d4d4a167169fdd995e13e007b91edff41f9abf	3
f5f3308f203c348350f7ede226823f15a42597722ed1b0ac100d14cea63f4b16	2.6
5de5d4d36fcaeac72418d684eefb072cb700885cea59eeb975ff917e876af521	0
c7662246e07e09bd024d224a45ef50ec38934be5be39ae37c2b40a92a992d7f1	3.6
665659056b0d387a0093829c6430ab7c4014ba0156fec7e29a19f444cd0e5d12	1.8
d91e4ec51569894b7b6797412847c953aacda4b706b186b85af4e4063262799d	1.6
dae23ab2cc19187ab05bd57db7e863539d1846efed70024f6c17ed28f39fb265	1.6
fae8edc1766d2c8219a4dd150fbb02e75164a3d760587016bb81b3c0c4ffbcfa	2
5bebfd8758341c53c07c7af2d8a7c23971c5fcd2982101d5bc0951638a75eb02	3.2
69407128c11ec3446b119974750fb1c320dc9b1bd2e2c2e305e67ce681c6ed03	3.6
1d5925b0856ede037e7b52e02dafe01a73936cf041339eea63ff1593f4ca0f94	0
5cc8675997ff795d236e902a6bc2d4cd643d04e02745e599ede97e77491d4482	1.4
f354a70fdac1bf857a1c6bb3352139cf7b0d4491044530edd10e77a4de2ca352	2.2
252b04289896c6e5673e97d478eedfc3e14a0050ce817c09157486da6e7eb454	3
cdc883f0fa4c3715888ab328b5f925bb3611b6dbd4f32e153ca6a08635943ad7	3.4
e262b428f5f738c655c61a0eeb6c09341f50b5c922521c66b277b218cb73f5aa	1.6
81feb8a44217e232b1409a3c2c46b16f94ec13860acc2e4d9b37835ff79b79d0	1.6
c075e59bfd06183d6da2111d8877eb5d9461dd0452fbfdb14f6e17bfc9d5e43a	1.6
35c35faccd2d919d2977a531c7077a164510ff919fe73cc278fd623883c06881	0.8
5645c7155e1074664ab78cd68874497505bf191e0a61bb457530eb9b6ef9b7ba	4
26a59c0216efa8d87bbcbcc5e704d558e78175b4433e548555654293493c5fcd	1.8
08bc2adabc5fbb104dd9242602081038b29f330f384faee449d6665486e368c3	2.8
8206d2dafc891d5c91cac0bfadfa3adec3a20a807511d956f46782605a61690a	1.8
f58f6d815c8e9a2d1b5e26196c0cfae872e6e170e2748a82047f1642c77dee68	0
9e0f882764525df3cbbecece56d3ad4c4d6463203ce81a733cddcf5f19061c13	2.2
85ced25e7c528d1878b4a0138c51a3c338c103894e20ab13da505ba5f21ed242	1.2
2d72ce5d11f2eba39e2d552ce8c563c805560f204eb0c90f50c6f410f1a9df5e	2
d17e60c5ee54bb3d0274ee441eb607bbcaecf139c0200e6624f76c933152eaad	3
99eaa4d535dd0b3314c3539f119a4da7c70ab90e3f87e35443f6dce8b3cd24b7	1.8
058ea48ad8fd32195d58b8b57b86e7dbf0e8385850e51ea9b7192736ffb24e3a	1.6
6ae6d562f731eb3f727cc77a42936fdd01e93d455c46df1cd28170c7061d9c77	2.6
670023c26b6b7b7caf7dd797e01cbe3567a22fb51e2c682ee169c34e41b05786	1.2
b1c700df7d0bd6e7508f2c7d869dc14c336ce9983a8cab2548c3a868de897d0d	1.6
1e3d6b6f43c4242b507a45cbe1b0019fe4b9656be3ad37b850bcc404970f07da	3.8
10de69d85f434e213087ed4c3268a0f085428a2e3d835bf074d2fa0e970053f1	0.4
200dbdc48df670691e58d6f3f9276ebed21fca373160c4c4ae4e754bb3b7baa8	2.4
c7483aa403d39528007abfabadc95f211d4bfd28b0730f1aa5d3f753c11f0b5d	0
d4d8809193fe1e5da17b60b4a4ae996c78f47307713c849f10eec145f0213eca	1.2
900488cdc6b90f368730ee217094720691c1a441e25857441b671e4a9211f413	1
dc927d7bb7cceb848d0cc21d750cb4a4a2cd0867b62a02adc96ab68d5706ff0c	3.4
f96a7eabe73992460722829cf07b4b5018de07c076d0ee2f52b850f54335145e	3.2
6f125fbac290ba946637a68ef1c9f4c229a3eacfa27809dcb744b9eff0f0184c	2.4
d66cfa2d72b59bf80bfd8d54f16f34eb139ad5f4604658c5414258ae0fe5dfdd	0.4
87eb9f89d42cfb79380993d1a92d97bd66d37f4379e5f69da49830b37e072ad1	1.6
c094820d86df79e085f48307f81e7bc6ba9c8586836baa6211a5d26f1739d501	2.6
c6a355a3926d107b59e414ab89c1ab6304dedcc708c21eb8395134262b27197c	0
a7cf4c2623c9dc24acdd11561137c10b8238e28fd5d0424b581211bd0bf169a9	1.8
4aec923678358e1ddc21498f2b8c0c3ac5175f7dc316e5775bd38da951edb3cb	3.6
a88e50b837a0536cca951e60546cc996ecb919c7694b847818cc08c3030103a6	1.8
02c9cf96966896176dbef0607b0bc4a24e410f1222c5c425244790bbbf056a2a	2.4
dd9249822c2299e35ef8c7ed0f011da5d9ee1ca5fe21dabdd5a34dc8687ed2df	0.6
02b1a9d7afdc7023cc03913ecca0f4de5b7a9127e9fda58bcfff780f7e6f426e	0.4
bc780b4f945026611dd4ad060b663dd3d6d3e03ac050e762958c9aae4067d517	2.6
771c05a5c1b3b3e8335b4e8011e72f87c26182e3fc80a7da56d9b913520a51ca	1.8
ea4839f9ce546f59d18556ec0c51ac6ec34d8b74f2d389c4722e7a141ce7ea4a	3.2
f84653e62505cdea59ec2b7d061ab061a416eaa95d3974c355ed66792792b63b	1.4
c78c9747ca2954cd20b8e7f1e934acdd498a09bda479669171bd3cdacdac82af	2.4
9b693850914237075e65ba5b825a4235ca23728bd102dfe6c758fadc3ef7dde6	0
0506bdce01d0d9fdcda8d93caa9c8cab4d98da14ef70118cca8d7b8894471c57	2.6
98224f1957d50a8e57571e7acf59d4f2249d29ad58c42199df2c56c5628f2fce	2.4
8c7192990cebc6a92bc346f0b1e43ce1da75cc373796fec49b2a24825a42bbed	2.8
acf7ffb84c04b53b26e47bd65ec671886214762d4e92b5dc13c43ba2f0dcc956	2.4
6808846d85aa60f2f3a0f6225b27d1e29e0e060e860e1b21d9db7e06bc5cfbe6	2
ead25ceaf1607ce119a1799604cd26c41cdb27cd0a4f5f4a545aee385be2aae6	2.2
5827a0f6770eea31b6d1e94535e4d781d9091f7702351060edaaa8a0970e8c7f	2.6
4b3bd821f7c08b7bfe19f20b9d85fb5a9253c970ee4246a8bb96857a23bfb08b	1.4
5377e23a4a07f233e3b0c2b64c4ceefe200ec22d4f398dff63ef7500b1b06940	0
f9ab29bdfaefb8db064053170406758582ef348b789aac175463393079356cf0	1.6
a7e1d3406d49943ae1090a9752b3cf12271008b2e59122920dd85e63e90d2e6b	2.4
933f174a67997c7b0dc40e88d0ee2ae29ce34f17e7fd600f8a0c015406fc04f1	2
69abb38dbfa08fb3439a5aa0160b0161bad65b47a43e0698afebf232d6606e1d	2
2b66cb2729a6bfff3f73c4f409d3af92bf9bb8165393404128a3bfb167737f1e	1.6
a634556f6e69b404fdc485cb74bf8f6032fd454b77ee002cef767c84b5881d9d	1.4
71829883192e4b1500d907faed016caab9d9356f3b569dcd9ac563f3251313ab	1.4
a4e0d97e57abe35ba1b0ba0716718ed06dfd22b98bf62cb645cad139679d4729	2.6
e76802be1f8941fbe2847ccb335d442e1afd1c0a84bc97aa97e0a3979069a7e7	0.4
a8fb8f45972791ee67b194355efe926a49349e4bde93e7f2b689b66a7110c262	2.2
d5e5f1a8d4087efe5a1b26645090e4494841b1f30cce9d65d520ebcbb348879e	2
303c47da3d2254b61d517a64e2059ef1b3afb34da54bdea8766811ebf34f1a85	1.8
1efb28cc19ee641d29f594b451c089a31be6017b984c35e2dd6dc7a9501cbc94	2.6
b9b284557a1b44c376df7395e441fcf0c9c1fadff6fa8eb6e4846970189614d5	1.6
aa0cd2b733fd6351b719f6d47f24a36884e2fb57d53781349fc0b2ab32ff47b7	2.6
84c118d5f0f69a496e38b23123dbbf05bf6911682d1e64519254ae1a9e5483fd	1.8
ac14838ee95db8246e3695f76fd1e64a411d1d6417f44cb72ba31a0e88f07ef0	3
0327925aaf729370980b0c4f7ccf42fd8e44705d4beffef31189f7dca988f80a	3.4
52a83275ebeeebb952065e7614015e4c7ea1565857e4dec78c3fb85e452a0a7a	1
e7a9a1743c3ea4b7704c7df30a180368d6c5d643a3aae6aa40759c506c3711d7	1.6
1d97f3ac8f88f5f3de14676859d2200e8bb15bf96d2442304cad01d4f0fe2829	2.2
24ad4b7c86ba42bfe26abc4b2a290c5792f8aebd0c3fbbd6a052821584cf41ff	3.8
28236eb9b90d3015f650b77863256aaddbc91b4ee32cb791641d165175131d8d	1.2
ec3d8e7e28828e928a125c3c9b8f4429c19754f7025227d312ab4c7c3de0fddc	1.2
e6a43cb44134fffe541e5fa2cd7f0903a6c684654f39f9751512b4adce1ce4c3	2
ca143f9c3f314444b39c3e687d4a6586e67deaa5bfde1a75047b162e01c4437a	0
02053f9d9b55f6cae593561394c33687632759613483f8e07c2c299264c9edb4	0
193825fa87ca129b249343e2ce98f104f03480ec0fe8628e6868a1b93e38d460	0
44bcc124506372b968cadef3b0c24fe7e642f282c55d78ef6d75765046bdd4dc	1.6
9259a3cab0faa05ef2d8bc5f2cf49f7da0a0a19f4b28ee8586ffc3a190e250cf	3.6
f468b3241e5db841a1307dbb806abb37492d35d88bdd904acd8a6c02a7b9efe0	2
55a0febd0dd2abecf496d75bc84ddd006c8161bea4c4f387c92ac9c208f2138a	3.8
01ace96a10153812af56a5ae7625279a5f63015a76e3ce1f2c71579257b1172b	1.8
d78931e3e7d7ffb4715cf8022bd3c5ba3bd62084bb558c8f779a7c0fc93a10ea	1.4
efa163d8a5b63d845f685e469ae9bca040fae1c6fdf1baf5675c552340197c29	0.4
81baa7ca336869297cfb67b62730b72bfb3a499b1856825ec202ac45f27ad843	3.2
537425bd31aa684bd728a00ffde13c50767eee97448e9fa43961402dc1993a87	2.6
b5f60405693d87925405b8cb76df59a19d1a7b091762319f1f1c9634cf7e1f40	1
2cdf8622227840db6956fe6e4a18003779b158f86d17369bb68a59670113b3e4	1.2
14971698922a6c3f0c82606c45f32eb4d500587729d4dc206e91d990f5860d29	2.2
f2a01eb5eb1f08a7394f5c9513aa8fab1fa3d450f628ebc5de445bbe90c21775	3.2
e61e92ad4944bb1ff3673fcdd89c8040c3fd9a6d6bf9733a13e3aff859479e5d	3.6
14830a9ef1fbfe981c6f47f207374a478ef3f6bee31cdc01fb7d8461d90ae4c1	2.2
673f1085528197150b9394fed09a4239b2108cf2d6a90b045dc8c44df74203de	1.6
46c2eae0e7f61acb4d30a9a73e373964c210fba6aae81f6eba9b63129d69aa67	3.4
351ae455673116300fd8cece5fee39341a83e33eb21f141f5cbbe556678d6c15	3.4
cf87d7a8c5044edd455449ad02f7b4a7640ec98cc200a1e7736a6fcc18cf12bd	1.6
104aebab2ebd78639ad883f2997e02e9c209e2ad9949097890dae66fee5a187c	2.6
8769597c0d436abe99f4f1e43d839c7e26bad46f2b9e94fd969a181a3a8d434f	1.6
39cfd3f02ccaa05d1d37f2515233161259ae69fc23df934ee13e6bc86cf50f5a	3
bdc7b2fec5df9d095c082640a1168e7fbe7094e52275fee38f3cc8b1c787e230	0
0529295330e7b74353693b8ab849ef63bf412a2f60bebac84f37b51ba2962a6f	3
77235255f41b7e46126d250d2aaddcd69418d9d638f6e1c53c5d4aa7877615e0	1
8a36fc8a3ac34e6f20299b4d176031102d1df20a9e5cd4ba546cad9b0ad41014	1
a0a73be66036d58d6e2aef2ab405f03c286a2c09e38875fc3b790dcb723acca5	2.2
495f2483a18974df94879ded708aaf8670cd83e53e03930cba9bf347858a833c	1.8
fba8acddf925b4533f804170afc31812fbc6ac08cbd6e4bd3c277978e248b122	3.2
ecd8fe0e95adebabd9b0afeab81ccd70f0dd0d16395a1a02b08de2473c663159	2.2
ef64cb310ce0f133f02406126438a9b86b40b991c950a20ed76ec615106fcf2a	2.4
fd70c657d229bf0188e9dd6a0ba2bb21453192065ed5f248c0b704a524efef96	2
210e9a4d124c9d462fed8e8122c4d41abcae384e38879b1df5cbb17140f5bbb8	3.8
3aecf7e52ae501560e21c676a25dd15b31b7015f43b9bab0f72c556b4cb713b1	1.6
d7fa465b6c32a818ec702941cae04b084149065c72eac30d80b6774b66749395	2.8
c4aa4689f88133b1c397b442fb3b45c96c67743df7c10f703b81c363ebc6986b	2
e8970f1458663be50d8b2a9fff35dfb74db360a536e804086c198820f9582a56	1.8
33ee1353b30e055c666325593413a267fbbcc8e46453328f561122536d6ef765	0.8
eecbb85b18a03edd435d6e894233be53d3ee97a8e037facc0104e08b05817c97	1.2
5994fc0146058938c56a6bd2d4bbd825a649480e2e0d24d2607379d384ea6522	1.8
1f221037d3a010e27992529e9818839076a32949cf459df8e399b52172adf668	2.6
3df748e4b6f8e6db01cbbf1b030e3472b9f1a773f5781b2542e1622deda928dc	3.2
b4ed7dfb4fa2a171abcd00a2986b23cbed6456fd7bce2f91c0ec0ae669bdd492	1.4
14e7e5c761154de8b4e1463cbc037d813be81dbd77a4e30752ab2a75c681183c	2.4
42197a747e3d3a5f15a01a5a1369528241e527d129b86d93034542602b65e1e6	0.8
1a44ed41d1a2673ddf1ba74225cbf541b3cd6ebaa828c77f30f92e0e5cb08ab9	0.8
073cbfa78869d1a1b167b2966fc38ae58a688e753fe5240bccb0a1af0a295a14	1
5ed039750059d7aa8baa2c344c43c2b00fea36cc973134ca24dda14f9ad40341	2
c40139e71062b85f835b5df27cd1daeb2063765de0498dce9903c9255ec73348	0
b0862e8c41c5697e2283a9a8fe8203ce3d1ddb5a7613c0ac147c0f3a749024ec	1.4
a9a1cd9fee8eb05cf7aa6c9009b51c416d8a0d44c6565de61c081f9eb2909494	3
917d65551bb707d0d27d53e20e0641ee0d69deffddd64e9780e485c4b2e5d9da	3.2
82ea1c13c5d52977c8c01fce8d0d8ab57f1706ef16f3946c7d7df8a97209506d	2.4
e0087bbd8688273ca72cffe5d9ec5e779286769af5b2983791ff51aa30c87ab8	1.6
49fa64eafd1cf0e833c42194c0f6a408a26b15a6cb3eb962f2591ab5d4396fd0	0
8655658cb911ef6b786b43f9ba377a2ae6dae9a2f6575c95936c0315906af79b	1.6
9ea8cb2984096488e62bb313ae7a9fba71da009860ee2ec27db359accef942dd	3.2
2c5402bbac6413b08c5c2ad5ec5a6e8fbf7315fc9e75a9584e3afc2c9467e4ba	2.8
252b04289896c6e5673e97d478eedfc3e14a0050ce817c09157486da6e7eb454	2.8
04d2f0a5e0275281b134f4f89bad5f4c69c8f6d84212bc5a5b29d6a5ee289689	1.4
da2ee85ab52266b7c3142786c49435709d0bd797deab0827958165659edb9df9	0
bc515b4f9e76c2567ee59efbe5c2a14ead69db2b33eb0a1e25cd221e1a625647	2.6
0636676ff7661829e019539cf068eac4378714d48ed37e7f7eee7c5ba7519526	1.6
23a60c144a489e58e398ef9dd4067aa932a1c947f86ae4533ec6af21c8669428	2.8
b66673189f7aac80d2c3ad9a0f42d383649623f38f8e74c0d148bfb42654bab1	2.6
acf8562736e79ba1977428914822eaed567e36bee7a9980afa21410c1a1d5d43	0
b55180521d274989399df8c4c16455cd9e834c87e3f3f2d02118baa53ae6673e	2.8
2c1662a2afbb152c1fa9bd8a292be97b362837523f36c9819ff4b7dfea3d47ff	3
4be43f5e5e2da1e2c56f82bff885c39286582719105688e05090cbc3395c988f	1.8
c835e32632bce40ae5c1416909768be99f57ee261873263a70865aefa8b3a07b	0.8
5c072ecdf8b3c29783deef1ec80d0094d0435085e04b27c3f0e4734062382eba	0.8
ba3c1865cfc950c4f5c2f87464f2d45ba172cda3d41a89f5ddcc92222f82dd4a	1.4
5aa3a7f0be9f392918eb785c9ecbcab7cc82f43384b190a601e748201cb44112	2.4
5a680152dfd18d53a51f9b3e48918176967ea91fe197d86d53c4073e74866ef5	3.6
531d45ff445050e63b4790a4d57c32807d376f3c70eb339bc90f1142addfc180	4
400e6ceb3b0b4ae1c66b3351ad670cd1c335415f1591502b799470cc801341cf	2.2
35806575a0e1d59cf6cd8509c18dda076f06226d360621d741ede3bb64f11d43	1.2
25ccd6c3ef733fd08cca4144a6c8e887555876719dfb5a3cf02731a5aeaf9f95	0
b7c9a34e94c8e41021e104d08411aea98ec8031e575d3678fb831e4784edb245	2.8
cf5746d870b80a2eef3efce66523eda370f644a67538f94aff5058df944babc7	2
59792258c25c68075fe4e24d77c968a9487557bf3d0920a19c5d7056758dc9e1	2.8
279071a2f501762ff54b022d6ee1774ab9f7aec592f8a09783cdd9e1bf777f7c	2
0dc9ce1edb0b16879e97079b14987f31c56c3de2222dd2b43e1d2ad89b3207bf	3.2
a3eb6e260609b14ceae4a1df8bd3c64a467351167c504107d8bd681d584902e5	2
26a6c1a09a089f09f03ddc16584cef4338ee9821bf62b5bbf6c4c95f8011b1cf	2.4
f30eb5434e33b29d084acb4e8d1a2f562e3e9448ba0c5f348447c985b77b49f1	3.5
e28ce64281420f7d660272642a005add74347767c789fd00fa2c589d83f5aa47	2
8d742e3adf3dc130c4590a4d3a9fd92e3828c5accb81c4709ad2a2360efc14a2	2.4
a07549fbc0acb9ed2ba10b44d4fb63774bf1a7aa967c57dfeba09a5c00d3ea2f	2.8
04d2f0a5e0275281b134f4f89bad5f4c69c8f6d84212bc5a5b29d6a5ee289689	1.8
0115ce8e6d63d24099ee0896217f25dfad23ba33befde6a6f691ddaf1c47bcf6	1.8
4c7d484b1ce5e577cc9d40da5af3895181113f290a5a28080d2d8622649f1d24	3
1055f32e6d8258fa1c6ec17b126448e48e03ff10500c36446536f97d27989897	0.6
ae26bb60e7e1f1b2aa9f51ccb411d988a4af4bfbb7c6b92594fe2130ade098a9	4
4192d0b9c8237a444867ebbde9e48aa3b76a3ade0828b33722adf7f229f42c8e	2.4
c501320acb5740c37280901781f7b5d1f183e8bfea15990c024255020c70ef84	3.8
95f4d4f26eddbefc43ae82cfb092a03a642d72e91d6bdab7cf8d1de00ef34b9c	3
5e41526e091316fe7c87103d54da255df48223e1deed1853404617705a3fd065	3
24afa56a102d0d2658c60638819918bb05025d1f39047452d2a1a3df69d19b39	3.8
9074ba93444a37b9bb08c2325cb6c7b6eefa6707620711129803684691823a7a	0.4
a839a63f0e86aaa18bb47b8d88fd3df575b475e65439acb692c1ce0139020c2b	2.2
bddc11ed8986bc853f5688f057366639ec2cc9184d5dbef1c7648c1b09ba47cd	1.4
73e68bca44d07ab140427530da122af9f9a98c5abc67ee558acb01ae28c0e94e	0
395a1ea81e7661e58ae10fbe739d4789dc1c7f9c4ecf91f4f772ed2347f2196f	2.6
f2c81342c96ec75c71ff9d62e74b65fdf286341a50c579936e33a89de1cb285c	0.2
ef09f4183fad23b405e02cf95fa52860c6152290b92cb6fb6d827dbb0212e498	1.6
a9d7420cd2c0d3a881422944a757ea1ecfb353f2d1bf8f176a8a9ee93a1907a5	0
5cdb6d8105ff277ba2742857f9f804d02ba43314a0a8fe3666c81bbf0443c2ed	1
3ba394caf904bbeea64340edd3a49d8e7a6c0332dfc54d036a726f11f1a288ea	2.6
04ee9ff31f9b9d4507281768c5a9b3c26c9f676b2429adec786ed20a7c5cef35	2.4
b82524506c5376411ac1c8985838bbb68595fca70150a0d84915f3ab53d88a06	1
b270fcf42dcc85a8c8e5f33e6c26ce4e530ca21d52841254d1dc054a9221c854	2.6
f822af37a3c27808dbb5bce9bace239e63703156fa8c5d6d66f4f1a9f621dc04	3.8
2124fc5949a25a271915ba886f66e69297aa90f238b0eb8025f9d7a252e71dff	2.6
8743b21c194c1ace134d64dd00deb2d8bdd5a149faf37eb586bbdc49a6bd9e5b	3
4250a1ef06927ef06165cd74faa4dbe535893deebc53a05e6dcc2fb8f733fc45	2.8
cefb874f54473dd23c668a363f629ac8f0ae6e3d43461638f4338d2069de93df	0.8
b26ca85d2c19a50e6948cfd93d47085fe01b7f3be7d0860d7975003d02fc3d0a	1.8
118f80b30769ac472421ad89c786cfc4e19affbbb94e9ccf09ca062d36df9f5f	1.8
2ee7113bdda90b4c264088cbe8f13d5f67c5b320e5408d6c895f7cbbce5a3229	3.8
52acf8a90cff8bfeabc13028627b2a1e5ed40251399a533f83fa505f7f0e4f01	3.6
e09ec362223c00631199d2c27e40a8367f046ad86a92fca3485fbd955134c1c2	2.2
390347111ac66c94aa065f56b9423c9d64b2d08baddd691c891d14e18dfdac3b	1.6
62875c0452a1279ed61e207717bedabab9a2343aa6aa56e11fcf47aab4d15351	3.8
3cb88a375e1ba45694473f4d0cc289e7da551b745654ad6653d6b13bebf413bb	3.2
c6fae4ba577625c4f55fadd39a698e29eaae611fb62efbae4ea3e3f6918e066c	1
b3eca65f148101138192b555dda80e29358e432fd9fb836521d466e7e07b11a3	1.2
4b8615664b049245332abb95d636d508d353bb6968bb6653ef2b27b314c1003c	1
195d8afd23db1847543463d673678cd58272356cd3cda1e674b6ba296e89340d	1.2
6419cf3b77d93665cbe3a4a538b95b6b9f828c272f3f28c8a23123cfdda67cc6	3.6
77509facffab4c57343b1bc528b9974b46bb09197533cce52079899bd7039e18	1.8
9d37c60d9a2f3109037ff91048b6614d1a1824f4154e986802cb44b032ceb114	3.2
9efe4a67c7152cf0c8d16bda706e6bda0b893d8f7748a80fbe18bde0ffda1975	3
aa5fb44afe67be6deb20efa58daac2d6533563470eab9dfda3621f065a1dd9e2	2.6
bfa7c08e5e987f55bce960107ddf3b1cb737e4e805306ff7e9fd0568b1fd4de5	1.4
fa3c9b95ce4aa52fa1d0b4a1ccc355ed489ad1fc46574ce2bbd8178fb0d62274	0
211c0cfb6e7d43f5c23e2622bcfc72f11073b5e8bded0c851ea87f478b7c3f06	1.8
9ee64927f1381303084426837ae362fbc62c24049d8e85719bf847b3959725c5	1.8
3d53c283792637ef10f5d6ecf576e159ccf921dff60c87995d5574d4b835720a	4
a9585a02db511e16a849c07bc5df638eabe2769b67ca92a14db02defaf3093d9	2.4
e7faddbd38c0972e2c6e1d2e11a230623eba33086d9bc4236ad448b9df51ba57	2.2
2bdd6cfd1171e839fbdbecfebc652ec561bc4f1d992f68e0da3dca18bd701338	2.2
c2f86d16a5ccdc8879b1713ea5adfc2f8590a156f3d5a21cab6607d3bc58850e	1.6
1978b20b03bab0015b4171b46c1de0842e88648e674eb691957f096183bdb858	3.4
faf42963b71071dd3723704d3b34c502af58daeb6e5caf927f9faf2562620aba	1.8
c3baba274c5c7a99afe985f97cdc3cb84b3615a38f81abc7fbad7af1ca6cc2bd	0.2
9480de4179febba866798c111bee4dbcceb4a17ef2522db36d33836c67a0687f	2.8
e40c68dff7f2cdfbbf5314c6aabe4d2067a8b348ae6b43f0265da02ec26475c0	0
d4511112207ca6226a43fbfc331b4ff6581cdb26fe1dd73cd0543811c38bc231	1.6
5cb097de87aeceb83e0982909796e96c8884b92f971beeb7b6d10ba441d5ae2b	1.6
116e0e0ff1576331ed3be935926d697a49334d44fb9344fd7d95d6dfd0b004d9	2.6
888f19cd820c20f37dcc5ec0332d45d83074799fb35bb23f0ec4a666c2bd42be	3.8
b52ae999d39e22f4c7d51e2f2e7fef1c1ac40d258b64725a5af4762b3744f503	1.2
76c9d6ba85819364028c5398e29db8c1b929d5e37c2245978708a2bf0287797c	2.8
bf5551759df4ad2a45541dc00284d68aa1f87347a0cbbf8b02988b49e693fbd0	0.2
c9c5acedacbc56be18f3df17fac82437f9f6f026315399c547b899709dd4e3b4	1.8
9b181d57b90efe53c80dc991ee4979236c5f427238ebfd802a0d55ff3b30d88c	2.4
6585faadee8f6ad52e0126dcc7519b484bf666f15ae5ae74148e158bc1665bd2	2.4
7f30209ae588c2f080760be0bd7c754b634f668f809cba357ff1da9c08186b16	3.6
3f7f451699fd148c08471e67549fbd0d3f71f1466f658fa65837cb8dbdc5e250	3
464478857a38da8c0501a410b5d7a8bdfbdcf913f33279c14329fb4e6c322d77	2.2
fa1780a12116aef70645f31e9a7483185786c250ef9cc8213342033f6ac5beb5	0.4
65b202b5dd946b0463b05ef9f397b379b3a657e9249e569cad874b6eecdba168	1.8
940d537c43929ad0d737a50a44c1ca55b683e37d64b6b2b639f97d0926121ae4	2.6
0e18045435e47c55fcf153f82fe206f2ecc17e0da07bad45b90fd0a2dfc240f6	3.6
bb2c2fcd40470420af4d9a0e7dbdfe3b7e0689a03f4796f155ea903979124933	3
272670beec872dd60068e4530a7e76755eca850a0b921268c3ecc07804c71cbe	2.2
8dfd5ad437cb742029407fb89a5b567bebb73386fe87c8ad2f3f6bc3dcd67415	1.6
4fbdf191ff8c4d7ccc7922ce3334e9d989d5644800cfe385e52985fb72bdf6b0	0.8
a77fb35b456364d75cfa04448fa8eff2935a485746d2280762ddd1367e625b00	2
f11133f40a2160f31a359cd87278c41080b17a020e3f35fd9884e9c6434918de	3
5687ad1b2f7b013c9967b86ff45816362871f25e8211765bb5fdc2585d165d68	1.4
267633e171291dee5e22c159464065e651d7ab761d38fccfa5740f43b708c994	3.2
e69eb5e5f57c6bb8e512e8346639ce20354ebcfd3b0008a82ffe95b2c520773e	1
5035f6dcb92d95c0b59fbba2c1b4a02b7e1b44caa5cb3c3893116f7e8080a8bb	1.6
79a288642d4f353b3ab3165b4cdae56f77eabef97ee527fc0ca141fb7b95ca22	3.6
999e35708dff22351d9ffac8d51ec012cce200b15c087a47778fa6aeff7886ed	3
2a27bf77b71d770bf8cbf5fc808fc509f01798f60cab93308ed198842dff7815	1.8
4fe7cf2c6aefa5007d6f1351530c2f227e450c4a9d69f898a99706bf67b62a1f	3
d31f7403937c91df436ee1973734b7147fc01a2e4843ad55fe3b5e0291788e8a	1.8
f79aeaf19e5bc25bd1614ee13baa44115257f116592576d2913fe95c7380aa78	3
ee957b954550c94bac0d4a1abc8d41bc1d56318d070e6c8bc77b0376d2113b1b	0
7c521ba714117de6259e0074dd35bcfc4991b14b5537283705d526646c9ccbcd	2.2
a3e459b6149593eb76db2a34a5e60fe47427aae041fb6104aaba45b34bcaf084	0.8
a1005ef200bf5971e66b7df5a9da0c6027865aa997c7ef6c1449ddbb0d3d0200	3.8
7a334c72316d1c9e2563f1f30b989e7c9da7074e8732af15bd597e2b6418ef8e	0
fb1c2b0d3c8e35d9c5a00296cf11c36e8308b4f8723c5c49197f1a7edca8137a	1
9d9cd0abfc570d2b584a81040e14cea0174f11c522fd98708c38425d0fa20572	3.2
fb2e99b4906445f7b4bd66c94eeb87f8066aafd634ddfceb236394df62e1b62d	1.8
30d78c1d6ad6829e1422756953d53bd5f36aa67d3054fbfa102356d30fec2a04	2.8
09a689bbc79eb9ea349c3f0fd7bcd9693f4b26f600775ddc3950aafa470154e4	3.4
2d4b9957dbcfb2cecc8ed2a4d0c27a72093bc08fb293655db5e34df0ca88ad3b	3.2
2c41732ffbd6870dd08b0da44abf6b839f112ec8ba5dad122e2356f6d13f2bc8	3.4
3a167ec823b10da6c8461dba5f5cb17ec8f38d886013aacd82a8183026d4b194	2.8
3eaf348993525efb4a8616b303580d4797542340954581550a70f4efda190e55	1.8
09a093b4ae637268d3789ad6cbb39c270ec845eb94e4a67f5aa18cd8eca7f8b2	2.2
25de7b34ad8c07d151a98b33aadbf6e432ffbcb143f9622c993baf67e14a6ac4	3.2
a1de5085df515fc55a4546ff231967873aa424257c23b6ee4732b7ab8f8cef06	1.8
76cad1d36e4fcd6efe0d888aca1d397f4c574764a9ed99cb961cdf1c32c67375	2.2
bf537acc90703e44ba915fcc47f9c6713b71a3c5166d3a3334309e0cb1f4a8f9	1.8
8a15aa82f536f2a61c6e7fe10ad5e4ca07538a0b32db26c77f30a4295b05021e	1.82
4da52c5cdd3769a4dc1ef65219b3fd4756155a1ba0848613cdcc952693d7804d	2
fe03b35d0bafb4ee03f5a7c0a87cbd8f1a0ae41f45d60b88402a79d71304119a	2
01ace96a10153812af56a5ae7625279a5f63015a76e3ce1f2c71579257b1172b	2.8
cef15c05f322bf43ff94405c10e4ad903b4b05812b0c50ee59e80f4370b23da1	3.8
22c0deb6b969d05b91c2e217caaaeb8e4a17a65070ab3e5e76435585f8efdb31	1.2
fe91fae1df887cca2ae0b5f8c5642c30e472fe8400015697667175391f58241e	3.6
47506eb30d312662322126bbff4dd1d314ad274bc3cd55b29dca88974f02d2a9	1.4
8a9fbe7b23650d744125ccb610f8f71a042993706679b19c2d6953cc4076c574	2
57acd93b53336a8c9e2c6c81bcfc86e7f35e2533ef492b82f9e7fad3216f7443	1.2
514574890a8223e88211086ff268750602732e99aaaaefc9334e3bd407eb9048	1.6
3ca478c9146f4244fdd55f2575929c241f49f53b913e50a543f5e829d6f8d610	3.4
a43e9a0248cfb985d23d265f226ee79935c1c527e54c83c177aca264be621568	3.4
4406c03c227f83ef0f4bb624383d43c4220fb92add5670bbf6eac3ed9c0aa3c3	2.2
87da4d0c56c169ee9b6b73b9e1dfceb94c588b39793164c70ab8395b4bd46014	2.2
828bcb55f371d10da4ad6cc8eebec041021c856d15454fa1eb545d7d3324905c	3.8
2eeed87361b6043aca2aa0f84ffe13708c47910a497dcb97eae7356f3c503691	1.8
0bc2a9487c4f71ef151577a6b67bb4906625657e5306fc1045cde5540c03b65a	3.6
91e5fc272a5fdddca55bd29874a1baf057d5bedcb9ae84a04bf81c9949804366	0
9e803e2647347ce237cc458db6657dd9a32c619c2d934d1290365044cc440cef	1.8
f8cc465dcd069e4faac63222be0e3382b1d07565625bc7f4df4f439034e869b6	1.6
7efc96bbcf68961c027234e97dcf4dc94fa66c7fe0bde601e9d1680a1ab0809f	2.4
1dc40314e1dcaa2b053bb83ef7a1329ef3a03c3b398658cce4219c554df4c19c	2.8
96aa4a6697189da3d5bec57a39adc4ce3b99bd9125a17290fe6e85e64167e8d9	2.2
dac161c0f9978b2cc0836be7f4a62613e0b9044817a1463fe661829f4526ddcd	4
02c32bbd8b732678e00eed6532013b8cc5b8c4be012964e8949ec9d1bd911209	2.6
1860dd61c1ffc206a8e6f81853513d901c001843734a08d3e979ac96cbb0e071	2.4
8363b75124ade7215632bd9685245362af4b3e04da9e5d23e3347590ab3cb837	2.8
60201960e42df247801b4b94757975ec7f94e56506599036417b5a63664d0bc1	3.6
db0930c03e6c891ea08d3aa3afd81b34364852d26e30d4ab647413a5280e64ed	2.2
8cc1878dd758a1e294947cfa3c42f06669495538b078c25711374be9632b4c36	3.2
68274e86795f99e977b37ea94fd42531b7bff57a57c5b8781760f169a8ffe20c	1.4
655455be2e0b09c0a7bc1addbac335ad6eb0660f6f4acf520ca9cccc5c08519f	3.4
75e39b792fe7b426767fdb9d687c4633c6aea3cd4720abfd720bedb442860cae	3
763a787f0ace780918d05563ce10ff5ccb76d04b1ae7e289e217caa3619641a8	1.4
2dc7acad802957500d1f045865799c28e175aef024c5bcb962f56ec50495bbc1	0.8
7177d31e4717dd832cf3450fd920e2056cd5c70f6784d7535c1367a3f6979274	0.6
f4bc718c519fbab4ae0c63ced37e34d1c0f216564a3f5be64c3e8d0e5d02d3a3	0.2
8c2db35745fc5c49a40082bc7c33fbfbd34c49e519a547c8cdc3410d829f4eaf	1.4
d37e99b4c63171e97e73a24ea1dce2eb368f80237071a8d1056102ee7682f180	0.8
6d1659289ef09b9ee6c10db21be9a61202627ef686b15df034ddc773f483145e	1.4
59a1afd09997c511e4676d122e16771477446592c5bd4f3aa858bdec6904d593	2.4
e437a40fd89c30051ac1cd10874d864aa9af0297d3eba270367df57058edce51	2.4
54c8d9437e00af04306ae3245cee44cc40ccb3e3e162cdfe4d5e26d70c93b4ad	2.8
4b75202af24befeb8de6dbdfd509b6daffe134afb083594e71812e5b23139344	2.4
1016f153e98632627c452fba4c5b6398dc5058a8d1927161d63ac17d35ad913c	3
ab8a3a9d1e1c51d5acc470f8e46285be1a8e5c4f174f734efb04b7b28726ac97	2.8
5f219491a0cc7e6b65e11dd31cff5c1469a2aaf824f3d69160f51e85c52d9063	2.6
94a982d9aaa258977beaec148d088828051d82e007b0712c53865f48db953099	3.2
dd6ccd80a48954a7cdcc7596e556aea8f631ad934543dcde7b688774c63ada00	1.4
271bebab5c315c323eb182339b2f92ec99e0ea478c3efa64a6deb16137230f8a	2
6808846d85aa60f2f3a0f6225b27d1e29e0e060e860e1b21d9db7e06bc5cfbe6	0.8
f895dc965d603135e5fb65ac7d7be746b0d9c06183f95491d9e2efc476209d72	1.8
2a3bb939d1b8df273b89e25f23bcf0012351aa820aaecf8a81c8a02253b29735	3.2
2c730f19f8448c17d1b20479cc2f35cd5ba825ae26e9b23f4b8822c959863954	2.4
b9ca4cbe9b5de57d944a6ad42777364fdab013ea1ccfc821f9c5c4db64c436c4	0.6
95769d5adff941f01fc9d1e4ad859223fc108ed39e86c59bba23d99fffb99ca6	2.6
8fa6e689f2738eefe6e57878db4fe893e3e32cc95d9b1b050b91848671c1eaf5	2
85fe6859795a01ef78921f0a51619ff8bcd70e3dc590589cff3ebfce586e9453	1.2
4398692e57ee17472bea9eb945b313475408c79322fb70929cd6fe54c2390dee	2
8d3f1db50cb312e7c409f38a4bbfc1316c119604ee22d4136190b59440aebd9b	0
b3aa7d3c408f4d09932d345f2e7944c918c0d85a568abf6d353eaedb1dd0ce6a	3
e5316ed71a807548870226ed49e3f9e5d7626b7f23637983d95b9a0766e41a9c	3.2
90796b9146fc35f0d6771a1f7dbcaf3eb2441b4c9f58529575c73e6042831a29	1.8
1ddbcee06963fcbc2d81c85bead9c41c90c42a40834be855d243ca055b397234	3.2
2c61d156f7fadd5f1b1b8306ffd474e45da5cca9e5e76119b328cc36605f9915	2.4
b23b4fe7cbbc24b7ae1b18c9290f2faa1382d13bbb45c544d269dd066df15749	2.4
eb868e7b0e10c01530f635c375e3db16dbb4e06a1f3be54c14194ecd313c652f	2
d73a0090cf5eac43ec394a021b874522620d9a262e872a60527c8eee579a5edf	1.6
9ecb6b83c6587ce62bfc44d5c13a348f100d7ffa441411860d12693b55eabb8a	1
f5abeeaf1f5b9a6b142b84cfe07dbde456976d9109918ca314857fe08e9c8597	1.8
336c00549b73302faf98fcbebbb67a978ec0aaa65b6b08159fbee701081380dd	2.2
e4cedf4e3912205f95c5997390ae48c0d0e81fd1b93357df990b705e48159345	1.2
c2c82c7839cc4c0c1d8198114a93c326f8b1fce21336b73147a884852d36d5c7	2
3ed15b7ffc0dcebea8deec3ff45bf4cbab6f71dd8a4ac4e79723b7307fdefaf1	3.2
8f0d1a06ae333cf76805dbaecf596f7b2a01d0d74c2633efe4af366899bd20a1	0
ad2b7e3e1e3756504238b46df7319be4c37ad3a14ebb642dbece9ebf277e3724	2
749c430f3b25042fdc2b8cda5ba0825b8c562689438ceac1a3d91fefb2182fd3	2.8
fc3a154f8989df73aa0caa2c27d022db0614a4c1acf0e993ddb877c3584972b2	2.8
ea588b6bbd64a4979d4ec279dfd2a1ebb47d152dd3804adbb43d8a48c137e8b0	2.4
18034a2ff8f73949a46ee53f7225400a20196d6a3d052fde50452640942c44c6	0.2
9d7d846a359a3159bf3fcb6638b4238332036aeb54d3eb3d2016b376617c3d2b	2.6
f543d2a89d173d8535b8b294a928fd827860129b123b22c9f549e483ac06a08b	2.4
99ce69b205c1eaaa2268dd20f5eb48459d2d62c697c2308a76dd01f76543f71c	0
6605bb0d1f8069db3e44ee358d6bfe8ba02fe062e01c631f8594eec5a83d5d5c	2.6
587ce608293a1cbc725b0abfa58e81525f4b0091238fa8e81386575afbd47d9e	1.6
7c521ba714117de6259e0074dd35bcfc4991b14b5537283705d526646c9ccbcd	1.4
d06a0e0f22458d2bfbc20fcfa16a68333c4b9e3ab25b9d99b05cf054ff23e446	3.8
1a41f011f826d9235641b5997ea6ea281e7c230afe17000d3c289a48f065fce3	1.2
175999b82ac5b607227de026b6e084ea4de7f9204ffcd31d634951662a5c153d	1.6
0dddb579f30fc2abd5d6e91bf3896e6248ac38cc1cb0dce884cab3eddabe4e9a	2.8
4d70a2ea0b3207b17901f56d3d7da7c65c5831ce68d5235bbfb976171f8f6771	3.2
3278f8333544953bcc58d3918ad9c74d689c3613498cea0f61ac99aa9f050941	0.6
ba561145d20a6c3e15d16a29d11f2f2ead94257d925ad2ae149854fa471fbb70	2.4
28c55d9de3da234a72cc4b45084671d3b69c828b00624bba96e05caf7128ce26	2.2
bf9cbb1217297e522edaa5f3182829f856b9ebace5afd84b247bcab4c5206afe	2.8
c677bfbcc74489efe71edda37c15866f2634c7c4c295dd5b86fea033afd50628	1.2
bb50a73a002aa7a18df02c61f1f1080888688a4dfd192523a1e1db828509bf7a	3.6
b6b9c9c5f2179660d1c181769696334d3da85d6196d1a84599dfe407ee9f601f	2.2
f0e6ddb48d28e03b27f5453914a4c25a64a8b300d226a690ae6bbd4891f460c4	2
26d26c3bf7676d0c04d2f4592262bf4a49a0cc319517c0dedac94159d0690ff8	2.8
779aa8d9a045e5b762ef89b509e18e546c514c81207ae3e34a9bb53ac1d52083	1.6
fb13314fdc95afb92ef1d15716620c5986a4ca70bfedb567e8ba71962f7690d0	3
68a4cd05fb0130dcfedf5ee349008d3acd7493308a11c25ca8d7715dc4a75f62	2.8
7934e3497e15132f91a847b7457d4182db2332257fa9a5d67b65d3db4f152c84	2.6
45982edb888dd2ac97032d0b7d10b8c693f553f81fc7441bcc5d6d7dbc19bd08	3
818d29badcbba22863a0709e18eafde5516403c47d48f0526756fc184767f641	2.8
a9dc14b622cf87f8a841a1a378fd92868f879432f1e4cf87408070e0e61826b5	2
3cf4a3f74b4f82431f11ea4e77ecd00def991b8b70f568df7741e0f95106aa65	3.6
1270fd29bb3d0f398afc0495f5fb0b88b008406cdbc84cc22c2b88bffc6fd44b	3.8
5809fd8bd9da1b6b054a623c1bd499502f804e6267ba2866adcbcae16ec79c09	1.4
e4648b9c7f364aa9ce1bf9fbcbc92aa1f228633ad271c9787dd1146cb353e337	3
29c3005dd3ba59697af4b4d2307d2953d6c116dcb5070182bc9363f77edb70b8	3.6
a0c2333528d5f6158dea97850538b0e3418144c4a6324f7e808525caac3dd3c7	1.6
e831a54658728178f5f52791be493987e2d7f33717a189202d017617e9421fc5	2.6
46dcd68d0028e0097f4f8b321b895ea150ff368df38c5ce34b3201f8a3ed6649	0.6
f7e9fb393354a68b1a704c24fc702c664083a5c5e0c3310d04625c513b0d91d2	0
f13dc12de4cdc3128f028c69e7708485e4ec1eaf922639207e602daec458812d	2.2
f382c6101eb7cc9af389f88d63aeecc8b9ba22f30d0216d3d7b11d3a78a616b9	2.2
af84d75e65c3087000af75cefca4da4b1c5ce3a38f9e02c3ca2f672d1fe6ba24	2.4
68d42a33a26de8babeeb4d7ec6dc9d74e06af0e78ac7e35f3c97d7e25fa1f398	2.2
740657bd8ee7fb60bf8b72209b08867add8d096d8d940e5e15719a10b5b16079	2
d77ecbadc31c9488f67381e08a311deeca289664a77ef935fc91cc988bf3af03	2.6
5ca1e0513625341ec7b47ded9ef4de86d2b4bb8d727320023f4931bec9369f0d	1.6
62f96a559e9b492678b377b79101b3f3a1808052fe744c7631d442fcac45a367	2.4
9c2e36914400894bc9bac2c53e02767640651ce389d26dafd4582f96b726d278	1.4
b701eb4e119ef27fd86c7ab0f938445679b130f67bfd1aa9d8bf2c211c21c939	0
f0fc9cf23e7efc92fb258c25f602ab4da848ec16d52e8fd4f00f861378c5c274	2.6
3eecb50c3efe9e3257440a980257415a6ebaa711502213733641591b88fd0ce2	3.8
5da5eedc62ffcaf33934dfcced880d90a73626455769d31ec48a467ff6dbd10e	2
cf4958c013a1a59cad89d54e54db15e5399882d88728bf3802e816363af4b292	3.2
3736d2f60df7c5c9b60131977b35fa592aba545eecb0e7e76932bc14cc381cb2	3
3645d6d00b521613a79e96697d307e98145ab9525639a5e2cca10d48da1aec6c	2.2
798a7200ff11a573bf284caa008654919030fe3bed69f4587e286be434c233ef	2
23c84c39ac90c9096e2481fe2242bf3f97c88d68e7847f932c768c039c137680	2.4
7a4245f5cd1616319842caa997cf685db91ac64e841515701ded68dccb9d40ba	0.8
c8d2974f0f92934d5420d8b27763d1b6c73f5718ef99e94b8dd4e99e1c0f5482	3
934a269d3fe565c0f90489f4f1fa26a588378e72fb5d08e9f894c9fee9b5cfac	3.2
86fbd8831b1b0d9b202015fdb8582f99e21db065cdf50c6191218e7762ff5910	0
054ba5c9e817f3a6bafbdd38675dbcebd09ed32d805301664f3741755dabd034	1.6
9c167a4c9c2b4d5d154cf3fbe9e26167b8987f36bad0b40258398826485c3d18	2.8
0e18045435e47c55fcf153f82fe206f2ecc17e0da07bad45b90fd0a2dfc240f6	3.4
df14702c7ad89ccb901f138d3d0872b0a044fc894d6ddbf418b4cc7753ebd4b9	1.6
825609ba7629da50e9c806e33b566089861c7f9aea026e517d6e4f45ef90b761	3
9254e5b10da8b1fe331ad5e5a1917ba0106a7758427b99cf3cb6547313a75506	3
8bf54cd5c929835cffc485226c3c708e58f369149211ba982b4a37ce9c1c78fe	3
61970b97fa26ffa1b7b8beb3b62511a946fc6059d13f09bfc8fa9284acb55b48	0.8
1a462bb0a2a0889b431538829c440b5c120a846a5fb9c25cf4aa191d274ecca4	2.4
4b225f839f089ee52a51209f2050a58a5e948dd903da35c1108cde8fc5a66b95	0.6
3f6f7e7a1d04c027ba8e38e1711e1d0c7eb84e09e71ba7f701337bddfae2ce5d	1.6
6bdcd9e538e367523919cf80a30b2d8f0054076612afce111a2003a800573d33	0.2
79c27c62882800ef6355cca69f29433be90a0e8f036b99dc8b581d53d9a34ea0	3.4
1ab7a11acafcbcfd6396a5d977906283265858e8c7b9f8e2fe81c10050214a4b	2.8
47103e338ed5a98c8f7767aa7dbc5b353c34c70bfc32dd05bb77825abe9c412c	0
4303d9b774c8a34efac3350504f46f815afa502e81f9d7fcbf14d116741e48ab	2.6
d6fb6af823e525434a5baca6537e9795af9d2b2c7ea4440ab0ffea65a846716c	2.2
1e902ca7bb32bd16eee055c3ad3dad81279c7bfd9b9cf6330d8e3f3723bd4190	1.8
8fe7f73ed698ebf9577f5e60b1245ff4a522f80225d96c4581ce1d87e5b40ca9	1.2
a3d19c4ae5924921cf1ae1632fed36ed9ae6c3045043d818c45daf56043a9b79	3.2
c737a0119ad2fcbced9b1506707d17a5cce95b44c5e4a5a5144a8166f3af10df	2.6
49f0736b48c465a20b1a087708dc11678e1bb51c60abc598f15a9e25f065a988	2.6
8e409b702b7ed4168b256386021df31e1c814d83829bee02dc958e1337857fa1	3
bc4d4da949019e987ddd4b66010539176ca4cd6cd257845abccd4e2e708086c9	3.4
09469a2336eea9e6195716a3f1947041cf1f779686336e85c79ee3cc51a72b16	0.8
c2b5cc106bd9ecf7a36ca2f69c1fd882ecc066f73076ceec5d2e271d5ccafac0	2.4
1a66d0413a6d02eabaddc3d8d56d544efd1aa15ea6b143dab2690f1a0aca0788	3.2
3410315131fc1611e829e420d823d60902fc1ec2c4a0b93bb548d317e12ece53	2.8
c69c2a13db3c89832cd02f5c5b58c1ed616676edd0bbc172943cb0bc6ee16f6c	0
576f4ae3281030bc84cd4ecb0718e3730d1debe81f092add49ebc1565c043597	2.6
62e8853e85c220f565383c827c9f9edee8d868fc18789320989fdfc4acd2a846	0
88a750cec8b4a54d511f59087ade79fb5eb2cdf1a4ee0ccd35cf872e623e3840	2.8
14b0ac34ef6352cc771d695de1e5881fd29bc3fe93cd61def2968f42359f1024	2.4
c26ec17b5f2e51c8c58268185cb00776e9109b8fb1689e4ca0f499e1a48bc61d	2.4
0b999093e073f00dd771d73d9b98c300a40298371edaeaab7134bcf004d26876	2.2
1c836a9ff3b2ef9332c4a302ae47c62c37d327a781325fe1a72a25f75637cef0	2.8
1b5e0a2c2db5e6262998dff8361e66c4044c11836b524c6b1eed1314783745ac	1.8
b4ed7dfb4fa2a171abcd00a2986b23cbed6456fd7bce2f91c0ec0ae669bdd492	1
70ed5e8d419ba33c2fc9f087cd5cc5921c1a27a1510bf673afa4f57b8e8eca54	3
993686ee4d8c16261e24dae82a7e397815351ebdda849c8d615ebbe031ba3af2	3
dc9fc525867ac1934c781465a40a7be8684cb5e80086147b877abcaef17f4705	1.8
e2ca5b36794fdc12f9fb1220f40267e0370c10b9b9de65dc477d7754a478ea23	1.2
5650468cf93bdd7e0cc71006435e44d82997ff7ea01d94636c0487a8101b0f5e	2.6
aa145cff1284d9caf37a6fdde3c7e2b5e20d164895d2030c23b551444b7e1f6e	3.6
54371a3ca6fa2b0cbf9fe76a7151abc95e7b4d32557cc2b61583d45cf2d926e3	2.4
4c4ca56cefbe2a15b21e38b2d8033e7418019fbaa1d1430286e89417fe442ac5	1.4
c1b341b8e909a0f02420ce21a478dc1c06cca1b9051e0fed801a6f14729e7914	0.2
4350cfd69c182de1f0def878ea574b895867439454990ca223663d792e275e25	1.4
380948032f0e691dbe4c67db1efe50c365fe5173d04422e6e966996087ebf697	2.6
77a52eeb53b94418da94870bc5db433df4d81cb4af2825c908697423b536e676	1.6
e9a0f2ec41a8ca22da62b0b25e5804b5eb56e1a7e5270d2b10191585375cebcf	2.6
3f3885dff3bc88f322afa846ca7fe1681387948576ea934c0ce31366eaeb6df0	3
09e991edc76172abc91af3d1a6e56e8e6820e274a0e2cb1f289aa5738340233c	1.2
ae441f71afd0d7458325029fd0740f4b0317d866ff9ac94dcfaff67e6ed0f641	2.4
3d3d6be9cfcbb1f8fa2628be8b1949ca47987cb5379e26208a8afffe0d3f48c5	0.2
4e91834ac79cfd086bd9c2de246d20a747d7a287df136280302e7fa133803ef3	1.8
b2c104c84c0f2b7eeacc9ae5cab0eed11a77e23320dae8379aa879833e8f85de	2.8
785a06088c7d816032c37cfea2dfd5d82960e7d0d71258e7b5784fb59206228d	2.8
723898b7a939a155dc70f4e7b60d32baa0a472524d2c4a08c005d6d2ae88409c	0.25
57cc4c837f665c2162f6fefcfe287fc1c67ee1e1d650a3a644b7b9adfa991f0e	0
159ec1eef5a289551e9d84a50795f347902be267945046cc576839af93502616	2.8
40db7ab234a657ea09ba558b2abbbb26e0bf8c5a2f172446371086cf62b8f783	2.6
b554030a91b08b2764520a0630944e4ba3d7f67095801f5a1eb0c67055839b15	3.4
a686567772a92c4ab66e186e8b3a006dfea219984a82b6fd183fa34081926707	2.4
add281aacadb0b01637a95c2a5b7c1afef676900c8472de7d79894823586dce3	2.6
1d4b87e33e9056062b47b7c1d1887c41613f3b700ea3af8acf4351dd18c95705	2.8
183292daf2932ca274bf988a214727f3f7f08ecccb1b0c2f4473cbdad1b11760	2
4b5785c55e1e0432cee5826a637c72af49f045dc96b9e1cc1d4213e1c642dd9d	2.8
cd80343ba665f9586d13bc09b4def430e10d31b0d923844bedf8cec519ffecab	1.4
2cb75485cb961125fdc910f4afabdfd1f17de6c61efe99aaa13f54a78e9ae09b	2.8
8de530ad5c3654ece7b1d02dbad1fe09009566be05102ac99bca3089fda696dc	3.4
c5b60b8220881666b6417167500b800e831f02e21ad6ddd992b8ae465007da61	2.2
dc010c2adedd8517a3083d557e9c1a35e683f2dab5cf8b917282fe82a9a78973	2.4
67fa4ecd8cf8fb467b4b4df2e0cb8e8dc802ff9434081b49ee10e53d10aa299b	3.4
cd8f80df27375c957369bc9d2b89d2058060bb41d68b5e7a930a47d1866e4a1a	2.6
e22a89e92d2d11d99cfc7ddec7ff19686349422ce73d0c45bedabe5eb96442f5	0.4
fed67a796b92ef078b5546351cc4ffbf572202fa796b0fa2399db1ac75ba353e	3
7763bc64fa0696b4d474863ed4e5e01f9a8192174bdf8723204c6c306fca3816	2.4
682969afa6de0c8c587e5080c57343a553873dfb393da02acd92d228b8541422	0
15b6974170dd6d80d554e061a194c5b93be41b7fa963351ea3020ae6415b5d63	2.8
48d0c5c455021580f1b2832c05c93acc82e63d3ba68db4e8b78565602101f4a8	3.2
f29ec03377a26b711486498000da5cae2e40f669233fc75111c1817d3f7499a2	1.8
17ce09a71dc6c6d1e57bcebec0423a360c17fdf0d4c7379715323e266488d700	0
ec2e5b977da62671c2980af9d43927b101c637f1762052d0f3013229d8c04cc8	2.2
c27b9d778496b397d4cd7563f49a6150a4b78787310c7695615634053fe4bf01	1.2
dcf3c2093c3bc3303668a28fe7da2d57af8f83fe13f74eaead4e221e698a832d	3.2
b41582e7e01343474a97f18145eeaf06f0e50c3a1d31ffd677d4d815891cfede	2.2
22cbb3e219a97889232567d433b37d103764454abad5d1d1a4bf4331828faa33	1.2
75b866f4342b9164f4940b57cc6bde58ec9f141e3300f87c8bc0b76bd1e9c717	3.2
16ebaa7c217aabd38b48be317f5097654e11e2d535880b50442b88a35629f822	3
c09e47398f909aa2373a7aaa465ccf125a0d8ca0fe5fd6b673f1d6d3623be9a5	1
b8bde547664acaf6c7103cc732182b92fda5d02fb3727906e3344516e529382c	2.8
91deebd1fd5f7f81be1d029d70d310ed3dca2133039177f44af8a83449a4cff0	2.4
0fc7115038effa6ae48dc3b194576e9816bb1cd92cac1581c09c87df32a64c17	3.8
1e7519eeda4c288f5d848e1a861174b2bf9b420a09b83c92ab8fd9a2f8bcfefc	2.8
ff27d979b8e77a5b3648bdf5d7d3bcc52d4640024fb7e766d13ee5cfde836343	1.6
e15bbb9b0bed77bfbdc63e64b2a5f9e88aa3c13e557210931b77d41b6bcb9e76	1.6
c3190c6fd8839bfa0281a269f00768e9a39614cbddb526d29ec237c33786684e	4
5cac7b75574d14db52ad41b8a46e16a13cb5442c5d98e109777b6224483ef270	0.6
95178d91b7c18052703efca9a0909d685b47ac5d001c09c7d480697581b66529	1
dd0ad697d9fa49b94f7fe2a65b013588e870af2f3f9bf0b8552bbe071d8dd612	2.6
2c8af6d093b9bde76214a3de8604ed697d42e8fb28382c61543f6e767746b301	2.6
00f213758baa6db575be6a9435a87a82d1ff442d93dd4c1db976fff418a588ed	1.75
dff2cbd7702dc5c3c82e15d00ea5f1eb26d0f58a264e94a454ef02fbcc961c40	0
647e2e324778f639daa5b005aa3b8b8c323682c56bda9bd07a2ec15db608005c	4
2cf08c49bb069d7ca662179462603f7afd597e52d3275e1f6742a1aba958b5e9	1.2
db2ac64c144e779a73f86b71e951a7adf300a6a2b4479fa9ad12ee31c510bda7	2.8
e029679dd3f2b153422f8b9b7028e373b48b53a006abee4d5cca8c8af323092b	1.4
5d09c26071b56be3b15a7a318dc535f00edbf2128c880b7956c86fcb8cfa8e41	1.2
08074c124494056a23c74e2799e71944b82bf8ef3cff62d1fae32ad2a1baceb2	2.4
c111c0c942d43f1cb1b6eddf9a447a736528e7bba327308765a874ec3b74a7b3	3.8
deeeccf492e8572b1519dc0821c9fcef8dca4d5176162cbebfe9fa918c90b6e1	1.6
f51833d4fb85fa826fc29161fdd63d2d47906e4b17da1435ecc296c63f36f285	3
7f6e7d2f3546d03ab911ad883ef244d3cef22b6b80193f70f0cad3cab24ccdcc	2.2
0867c065a37c239950aced96a37848f216dfcd22b5f9744f0e1daf0f6690968d	0
b7cff6f9c32dcdefafcc9dc6c035919b74f3ba1cccd726099c27e794f6017462	3
3592b1069c6d903f21eec9ca3db69ab95d809d94a65dc0f01bc5b8f33586eeaa	1.8
e531fed026923fb1a2197ec9195efba5b3113afec831f2f48d6ca56eb13b0d65	2.8
7b9a171369f4bb80302fdbbae09cacdd8ff77677a2d66a5c9b09e8900d769632	2.6
601355327c3c624894c047ae10e99efabafa152cff058707a9a21a6786b4bcef	2.4
228e1d330e3d782134620cd52d1ffd82eb123d737e7465c0c96269a1e84bcd94	4
c5dcd4c71830b698889b5f1d39832efc495cff0e44a7671d47329e2d875ba681	1.4
798b56a8ed5d1ffec43b614a4df52249f14192b58f003e5bceaa56a394e16b5c	2.6
9e179248676e83b619a79655c3d2dc723afdbc6b5ac2061414c351fc38c0f3d7	1
a169e2999b0881fbb45c4d4785963133e829dbcee132be9435d7eacad4a494c3	2.8
efddf92dc13e675a22f7f8211f97cbda1ee32c4beee62e7516a3cec8ff6b100f	2.8
8b7dd6d044ae0453855b54683e0ef88b1d6d8b3d476e46a895f7ea3683e0b119	2.4
ac788c0bb3501030587cbbdd6d003191b5bab092dc2195d16603139697fddae7	3
3049179ed9c0840a0e6a3579e35a5e0aea49e80d656ee8d164c44bf24f670409	0
996d25440499e6b3acf94b121e3f1a2b3f9113f2d9c8346f49ff8d3119a63307	2.6
665659056b0d387a0093829c6430ab7c4014ba0156fec7e29a19f444cd0e5d12	2.6
7e86626664832afda9522d00e52fecef1bc72f01ca1b07321b2758592a957dea	2.4
9dead9d75b7b42e1afa902a4c7b5bfc036dba13a7899b296b3338b910817fda5	1.4
6aa1324b8ba0f52f6c506efc689131d952145e2067b7bf93e799292fa06a2fb0	2
67ef89e9dc6953f531f7602ffb98ad902adca8f9ed96712b70ecf4b7d8979885	2.8
5d2d7cb19fc97a241ede7f85eecc04b9ddb045290ad20aa82004eabf2ea7cd8f	1
e662b584b416a2f842b0821c3ed02ca68ca8cfa019d6b988cb4ddf393c8568b6	3
50053e2272ee94fd0666ba93b7578fbab3bdda072786d84ff9cb059535318629	2.8
9c8300ac4c4b804131a098066abb6f340169eaa3f01b24168be9cde44037e56c	0.8
077ce4d805d5ddac1826a6c3ccea627446a8d41e641646ecbc01c0f9d6f2308e	0.2
55da3bf164b056427291a9ebe1937f0fc243d5c3d9e37c6b1afbbcd81a845071	2.4
79e1024f915c95ee3a1cb6d6c78bac61a9aa7dcc724322e1998a1b188b3e8161	1.8
c81298f139e9a690061e88504c3db968cdb91d1c84c9e70f0774e5e51582fc49	2.8
11c172510892572f98ee492fea80c4c37f623e16a026427a2ca0ebf1b32c26a1	2.2
2b2b4ed4edf1cf6d75b58f4adbfd73651e6c957c58bf675d9d299de3ca0c9ea4	2.4
55d3973f3a87d7a9b9789fbe374437b842cea4722a2d783503ceed4e96cd23e7	1
54e8e2415d196cbde6a8e27f9853a6bced392a8ad77614fb77cf2fe906019389	2
f8a22db5d3638833e907f9b859a5e7bf3916823c98ccbec90cdb1d025eb9af29	2.2
dd8ea2985983c5450536cd8b309a6f4746ad2145c16ec7aa4c09f7c58f9b92f9	0
b41196d07bfb5ad954219b3294d799ed0566fb80244df3b346bfc326377f4d9f	1.6
a9ecc631612aa150e83845d3c30620a78daaf0af34a790463a50f00488beffe9	0
4ec6ba18dec3a7c644e30f4767013ffbb855bb7ab7faa3f3bf6f83433a138c5b	3.4
d1c66461916706fd00f275382329be4da6b7cec690116f74eb91acca05e89423	2.8
32bf0997a20f30496e69fd1888329779bcf799b67213dc21d43f6d9911bc889b	0.6
b942c3e077e59903a2997b322c14a73e9b9ba521981e12662cbe6d00f117f3e3	2
ef26b54a77317d1e65291d749f2e79971d41a9fa4cd4d1b5b8387a39b78a0d42	2.2
85544cc52e4aace35f3b60700ca0aca0f114ff494a3135fe270d841ceb6f6754	2.8
3ab9bd05157cf42b2404c60ed7759607492640b450d9d293bdaf1c3659a4216f	2.4
cb93ff31d856e463f048212698fc3c3c11f4761f598a9fac6f93354b5c36e1da	1
fcd348821ceb1c6c81709031c4594787352fd73d5d5cf1289cfe8d198fa1dda8	3.4
55773d772dbf9f3907b456761be16a028ef44efc4604f74418667e6c4f52d8ee	2.6
8b846d1e8899e2b2e19d2a6e4393be7717617ed60eb269d262f4ff0c016ee277	1.4
516679306d898fd7dbe064448609f9419ff5e612ae3ec17a723c8a80788d3fa8	2
02289f0a5cd0e32defef4298b3a3e8f1723f49bd774bbe0a32994ab8e60b9258	3.6
1030e51494be5cc66fb5cc67e084f3302ae13ee6c61f133aae82cecf8807c3f2	1.8
be36412bc72bc0451db6cf6cefea0515254b529e3fa5f21fec1feaa34ed7a1fb	1.4
031df8e98694529501f6632c8c104ac699414a9b0bdd9e87400bfefe8b642196	0.6
ef3a7c619e19a4641c1d6de7fc044ae1656bcea2ad04078f3cee0d80c5340d04	1.4
fa3e0f0adec1acd3ac3ed9e813b58d780e17a2089d715575fb34d321fe766959	1.4
4a0d31899d8992bda6186423c50346b5c4a8449a0d8c9e3ce2492cadc47cd2ca	3.2
417700bba6b9fc336018784f25b13d3bcfca7b230964fe742ff653c6c1dff604	2.2
06fa1c1bb19c93246ab553df96f61febb8228757434a35682245b833695bbdba	1.8
b1d10f70bc8dd5600268335f0c5c47f73c909802ed392565d6e3f8860edae472	2.6
dc2c2dd8889750a418cbe9e2ca51764554c4d1d5d82a11df01869f3558cbdbb6	1.6
6223bb5e78c76e6181dc82ff602f7ace008327535363bf9521f971015b1b3385	0.6
8f1897e168fd7f467f2b315be7ed72fd06df755eb6999958a606fcce743978c9	0
183b570e69f67f029702c858bd7af0eacda5d8b4ede13747040e71630b3691b2	2.6
40b851028e9f09ef80bc3604d41adecc8d2dd8b032489a7164d212220397ab52	1
eb26e9afdf0ec853979c83a01e0a6eb56d3bbe634f7174598a2b3373ca6aeb0a	3.4
b6b9c9c5f2179660d1c181769696334d3da85d6196d1a84599dfe407ee9f601f	1.6
928899d95e1c89789ba6394b6f3c69b14dad5c9e36df969226240a70521e87a4	3
414dde432ef2f41826cc231ada15a66fb1fc076e34a64e4c8a3241b707b7ebf1	3.4
c0d5f43f2ed5a938a3ab404e73f3cec481e6af5f74325d56e9ec3df199a780a0	1.8
331348f35f3494dc753d886348c7d36d2aee24a0c1c92e25b3870f5f42ac9564	3
8f7283f8b98755fcd6832bdc424ea24cccc554736526543e8923d68d5d51ba06	3.75
4691e461077921a753144fba92f9f4cd53abb0f9517327a8f44c8bdec4e3c134	3
e4f89ce7ff3e047530c5dfcf50851b400838f6e5975850422f0266b6c0f2e0f4	2
6cc5c2818feb9f4c611a514cef69f08f75853d11cef21de5f7c300413f8c4bfe	2.2
4d8f45da38d1c277b49785cbeb5a56884152111459b4dfa229d55d7234b9527e	2.6
be781a39fad83e3a4bbed17b7b46b7795993948f371da246bd530f64bfd9b7f3	2.2
0663a598b274c413e7db73b1668d3603326611989c8228fcc5d210dcd1604c4a	2.2
1543c6f54695b9a8b03cb9927241c571b135675e125c0e1a7e59bfbe94c20333	0.6
74d5f588b557c3a1c7e11504c1ac3baab8c7319f56e41dd8e3863a4d76fcf503	3.6
8d97317df5459c812031396f6bd101ffffa6551aac0d648572367106f2307a2d	1.8
f405b5f8bf1d78e00e4a4e1f95ff7ab3a862955eee4ff86f73129e554a9bd2b1	3.4
a1831e73bd6abd5e7f79d8d9c4c9dda6f21ffb549db45f026c4b4b8e95cd6365	0
b2825b2217686f3740a89d4af1a0a15c734c457bf6d28e4dcd9ff224104d519b	1.4
81a1c7b85f6956ee3cd07e76455989bff815ff5bd8f47681c44b6d7c3c0d312b	3.6
85e36369410d2b969ec8d292d9b7b14a417e3472cc6b6e016c944a6e19806fe1	2.2
588a2a07f9fb9966a1df643bf95aec100236ee1dfb6c351f03da86b43d4a78a3	0
fac65e4109b44b705db7ab22cc0e3f3eed6f6dcece4a83ffe9e5750f632d8d1d	0.6
0e18045435e47c55fcf153f82fe206f2ecc17e0da07bad45b90fd0a2dfc240f6	3.4
a9038f4c1bd2246c4e2df4b733ec7551292ffbd61d2954a6b6f1d0be00d08d2c	2.8
3f723307252d8befbcb699c3d39639b9728848523d391c50f4577625572cb8b6	2
93e530cfc431cf46c1e2a2636dcdb0038d78e335ed50d270bf949bf1b60a31dc	2
f354a70fdac1bf857a1c6bb3352139cf7b0d4491044530edd10e77a4de2ca352	1.6
7afa4ae48814b4ffc925b427c40180b77f516b9b8ee45699fa7ca4b01e15b613	1.2
1f966c7d7f9f49a8c3f2e68d79d5e36fd5416661631526ff53b284daf1fbcb48	3.4
eb28ce7ec6cca4901635e75974a5e6c7f816823b87992b187151672087131c6b	3.4
eb6b89f814adcb608e53dc7832c46a69c0b092944abe2142a268a48e53f2f6f8	2
259403c7230a2fa66dfa4544abef146cf4ece6373ed6e5005305a1ea1d5ef52d	3.8
267633e171291dee5e22c159464065e651d7ab761d38fccfa5740f43b708c994	2.6
6a0c7e9c2a9ad22b5d3934134cd7e85a57e5c015a75ada43c7702b5ecdbe4781	3.2
48f701ee45ce776a313b0411b07fb630d68ff8bcc740a41102f52b0d412856f7	1
0510d849c86730a2a94298844c4993e7053e2a703a52fbba1e901195f382bc72	0
de950998a3a0532de31322b738a8ce5c98329a0038b1cda191fe8f950da84756	3
d8a3ddd0c459a7d7c9e30814b188403a3468ab023a1312631f5fef2bcfdae639	0.2
496e8b5d9972a9643f7a03a9db3443f16b093089bc67b0e983af4121b1bd676c	0.8
7a5970785fef8cc03ab99c39ecda7400948edc001f1b2a6b1ae9ba9b1bf68617	3.6
0a024f476c771ba74653f8a4b1db854d058c34bad78f087eeb426e5b4f2fa007	2.6
10ed8413edb5ce8558aa97ee971e684a949fe166afe8f7301ea816e8181af213	2.8
8e9fd8039fd717be3d2fb609fa91c7f646da754e0fc1bbe896b27551358e1128	0
a7d0452cfd4a7ce27b60510907c8ec8ef4ecabb8390d80cc2ee1fddd77cfce92	1.2
9b63ebd367efbce69c0705a4e673c3378d06297b36af4bc581ec1118c873da4e	1.8
95120e7b35aec6c92d19c81a795f510c910b08ae65b324daac51c485f925e3a1	1.6
9326b1273ede88db190634bcffc48d87b1ec6f3f1b6d83395eb2f4a09c1872a6	4
12c3cc7a91b21a969abd5af12d6260da87b734d904ad081ada0dc7a875186e1a	3.4
2fa66c752d7905f03e0295b12f000ab9fc24021611c32071de7eae634004448f	1
d7478b379a3c0a69ad076ed09a597232b372fd1acaf943703a05235582cf7b11	3.2
162558042739efb3dfeb626a05fb82fb9b1600f98f7f8fc06cd990e1b14cd972	0.8
79c5dbe8027fa25fa0699162e04baba68c89951839fb6460d23b046ba724d54c	2
7a70a848447b6b1a4ec5d52021a7dd53e246a3c696da5918a496a347eb334d78	0
68da5bc39337127c03f61f82d3dc2c42f6ad6ed2eec7c60904817280652518ea	1.8
e0deb17c5ae5e7b6d9bf7d7bcff1fcff6f014f8dea4557d85167aaaee570503c	3.2
2a4b35d0a3af168fb0770f6c6e4b3da72b9e8e0c0e509c0abee646f2468bff74	3.6
2b768884aff04969ca9b72556633339f4444f428e41acbb12935b4f97f170799	3.6
e24a9d6bf36c88619e4002f50192c6f12f3937ca91b9971fe4e129ec545a90a6	2.4
ac16f8eabdd42b5a914d106b1d7163ba76bd81c08d0e41d4fc698b1e94193ba2	2.8
c7707e7f13199c0ad9ef657679c1903faecf1a0cd071ee5980cc184aa581b2e0	1.6
742c8f3bdfc2a9be8aa7771408103d568d5434293e6a4e4f5fb4c802c35c4e9e	0.8
b81b4ce98d9b38dc9589617bea0c7e7fd2563ebe6bf914f420fc937fa6e65909	1.2
56cde5cf7f1a5d550272cd86aa3b1c194fa3f4919e3dcafdcceff2e45313ddfd	1.6
0f5f4faa7fc58c2666803e3684c40c1b300ffdd3fae7744353a2642eedf45653	1.8
12c82af540554fa9a16263c7fbe3c014f21465504727afdc4a48c0388560bd83	0.8
22cbb3e219a97889232567d433b37d103764454abad5d1d1a4bf4331828faa33	1
a84bfaf95cb947331b14be37365f7c6c9014e370de20afbeaf59597b7c9d4950	1.6
191d2c227b14f0698a9f6893590c3b7b8d6dab21c93a43d1460223185d9364da	1.8
e281927751575c50bf791edd2ddcf39a198a8e0181278b8cfe1529cf117f614c	2.4
4572bf73ce84fbbfa850284cbdd002bc6e6a4fac064c9b468e80e42b9d2ae199	2.6
e57fd2294b5c044f2529716c4424cd6e6243fb11bed24752c7f592139938094c	1.6
ec7df1f8c50ed240f1a303d0449c5d3d062e38d5389ecd90aeab2854e50c899f	1.8
5868dbf9bd6b631c3ea01f4d8615c1c2a455adbe671eb77bedbd0d4bdff94031	2.4
a8e5e7066a38e0423b345790436dc950f0cbaf99471c56ea65b75898558bc05a	3.6
180e7e280115a81ea2b966cd85790a32fdef437b35fc41f130b5e220bb5723a5	3
4583c4f271d09e786291993c03a3111edf10cd30568dcdf30349849154a8047f	1
e7f151e4dc4ae4339fea6d2a4ed5d858ce0887e038c7e5eb8bce252f2ceb8bb8	2.6
3ad66f95997a4ec49794110f4c67d09545cc1343d161f40a21286fbb634f5382	3
4140308f5a43e6e0e1838aa1155205eebd4b7bc749ab43b5aea3eed3bff8eabf	3.8
5ca78eb9b620d303075a2a93335071c4952b1f0b632b081c413231e66f4fc139	2.8
348b66f99ba876a0813f661243ebdef7f6e0a64dab15ef49610d4f2b980fc7fa	2.6
d0fbd0d628519dafe2427181ae4307827b817d0e8c0157cd6c27206893ad8640	2
bf7af0b1d31e00a02cd8194aed08176fa37326e8438fc906a1662efd61f3d942	1
70e335214ccc809d4bc000b21e6958a2e6ec8f48ef43134fc5f65264fd4b30c9	2.2
9202d0c00910f20063e04692212be5f7354182a45f7ea425b4dd0b6cfae96c08	0.2
7f720afbf0c78fb5ff69a7d9b6ec0f3fbe3c738f62e7c9d12552dc128a335813	3.6
d6a8237941807e2d9b51965bb63e42ee5296da7f06e677946b28e67b68220737	1.6
81520f144361968a112dcf89e260f779f0a4c9daa2500219759f2acec7a5b5c9	2.2
8f9d4c304824ed62cae33d5210319cf28eb61f0b41b3ad2ac5faa15bade1def2	0.4
0b1ff71552da6927f39f6093190ecb09b05a166f6dcfe98ded80edbe62f547a7	0.2
945830d295128343a0634995d49ec2d06b76853dab9ed37c5ae2f26d9c503df7	1.8
8b408e9f9e46a056e29cdad7baf5f97cc9ce71431e25ccbc182083fae5d22df8	3
534bffd9019afaedb5901510b749560bc8047129d5020661ffa3e0619dd17cda	3.2
2213bad7fa0162ebf182372a8ff71524aab4aa92ba4743babc0c251807531d76	2.2
4fe723ccc5de4ecdcd1cc8d102d8d4eb6c0d4ef74def4ec304ae01779ce5f057	1
7479f1ac2c86f430684da3307950be2223de7ec51acb156d06ac934fc11f9907	2.2
60dec154ad62c8944a057669071127dff6b4dd5765b49ea015cc2e2fbd78e602	3.6
335cf57b154391850677e14e874ef7fbca2d1ef83111005c31b44d2c7107572f	1.6
69054e7e0c2a182a9840edfdcbc3a0c5dba66c254be7252c2c2c47ce096fa128	0
17dd59e51b22fc00c09f71f8e26a579f9347a8d9815d4d43d71aca4c73f73ef9	2.6
3a15d7e7bfee2fb994f1b4a3499a8cebaab9b734aa657d3115bc1f4074263cbb	1.6
8a2a1f1919345b5c3c451ddafa7c6185c7d9916927ba6c1caf972307d0520f5f	1.8
65c325e2275cc282e8fa85709542999da0176e24e03989f57ef51769d427d0d3	1.8
7ba310ebc59ffd0d1b9e167c1835f95fbbcfd7d676634d64031593c186919a9f	1.6
a5020947c495352a1004da123c0aefa0c0ae5c5df5e0d1c25b0f4780c1f03419	2.4
d386e84a9beb57e741f652cf3c1f2def86421bef79c7b242bede80db00585339	1.8
07880ff8c04ebd4b3b10bec208865edd8e7e60a1b7009f113790ca1327f70ea9	1.4
f5f3308f203c348350f7ede226823f15a42597722ed1b0ac100d14cea63f4b16	2
a2dada3b67b67626cb21d5c70935dec0f1c8652787ae9ae0e622df300c42649d	1.8
d887ffcfc425aeed2a98eae6c4e399ef62aea529c0fda27f76dce0a1e4161f70	0
60342043b3d762e569ee15c96af044ab675b067bd703a4da573a8f473eb093d1	3.4
9b72c431f0330538197b8e6300bf787f2fcf895a7250f1f91440143358fd93bb	3.8
d2f2b7cc30a6958235badc5a704395d8eb29f9005f9818ef8cec4a7c4b19221c	1.6
26ed37202ae366eda49fc3619bd75aab2659eabfeb00ff3a9555c8ce529886f2	2.8
e1befa431744175d77107d3687fc84aeba431ce30d37da673a619d333a72ec1b	3.6
54c388fd548ffea0bf76b45ed44620be9bceca7ecf64dd4b8eeffdad65cb6373	2
fcfd538aaa066284bf9e0c8bdf8d4b7a84dda94261decc0be3bcc5e25689363a	4
18ea4f276c26853cc23267b732ef7439726c203567eef0408fc9d2928b5561af	1.8
d8ebd43cc50e56aa9c2ed291490f686df1e1d3bacdb44872feb3c03006d8ec5b	0
58c324420ac9ebcf5ff47e4af69555e58b711add82c860e370acdc6d28590d35	1
63d49b3f06059b65905368692677376e95d2619249ba39bb805f67f3b71bfa7b	0.2
f621c0487fb81186bad5aa206f0c0ca901073fd011c2d2ad57e0735fc12f9683	2.4
2666d9369a49f733e6eb7e86fcf959123db6ccb47ad0a5b951bd50e0160f8fc8	3
cdde391972a96df087547dbc739c9f68a98f2ed1f6647ad2a6386edc9a33f12c	2.8
5edf4d6beab17fdd96c8ab417448e90afe9a8cfffdd05126cbc18ff43bb618e8	2.2
fa961da00c6f6bca1efacf83313c3a61704599c48d3591b73f15c0c4d5b83b81	1.2
f2f0532fdc751ad83a0e10a2b1359befdbc71da89054a38c6ef437e14c18902f	2.6
aeb94714f9339f55050778b53d9586066b97f235561726f2f5be6b2185f5a659	3
29d1451666dbf61ae77ee5323c597a1f25c515fd7c842d2b6619f66f680c231d	2.4
98d4650dac53729c8aab9a09ab16e80f55ffcf317929ce849e99d3dd1dfb769f	1.8
2fb41c594e9df71aff7b11a988b9850d28f6b4e80e1a0f9619308958614ab0ac	1.2
fad1196b8084ea0f884da1263df92224323a7548d0daadb2f82c1ac527f7b3c2	0.8
5ad5a5dbb6c640fb212c17b27a499372d8c54825d482bb7624482aec688c2cf0	2.8
963e57ee6d61961a3a39c0f00cf5538677879d8dc4dba8552c5a4c401d9fecc3	2.4
e03e0e26963b896761afc6b5962ed3ca436c5a24fe8d22e7207dd7a157fc0229	0.2
75fd4f19f2f776fbd8d28826545038c02751fc11e1fe544ab639958b7ecfde5d	2.4
7ad3cc58b4bf0ea0bb83fd773fc46889c1311c65e961067061c4ba7351cb1fd4	0
62f30bbc9414a6ad9934c4c072970e29b4c6cb5530d2cd8e96874ce616400f30	3
c55ec29c6e4a78a375165f2cbd9db762bc7d5b4cdc367953b99862d7c361575c	2
8693a0589aa7d758860868b633dfa4094e7382c0cc1f490bbef3b8b39e52d75e	2
5f294af35bdbb14ef0ddb67616c3695b252a143cc2bf71abbc5de1d5b2868fa1	2.2
7530fde4ffd484c353139f410b722cd9479c2949e03e43e02351b32162d41c91	0.4
031a4bcca5f933ff14026bc6e3897b2b19ea4eb8da06bbb72fce40b2e0d5ce54	0
234ee20a9e4b5acbf4325fdd50320cd0e609efd6617f5bb5e6c7574e45d018b1	0
af8794b8f74ed37f00921a88da625ff1ea42e6380be5235af94014b8500be952	1.6
d8900fcb5dcbdc22c9894de27ec79a76bcdd18eeb5f3673067647708abe3b1ec	3.4
e0f5704485e5c31194cf92cc7d8b7b353d91d56bef7f22ce432f93584d458842	1.2
6223e4e9a7da73c7ea77c3a555abd7ba5ce9c47462115fc6a81a2b85eb802011	4
de343f6e72bccc95ffc4d430dedf15ec4f594681e2f3fb268dc8f5bf31f28ae9	3
1ce6f7d6e18c39aba7c58b083ea3bcba77b7bd691838083e1f3b7e3af9116789	3
38b6fcc0da38696d96b90cf2489112fdee67111d69e77423bce94542081fdcda	1.4
3b34b12ddd2957ef6d51499500a0c23a8af6ef09b0ec607005b42ac62eca9224	2.8
c351b41ad1d596782813897f80c6e90da69890c021c925aa8292640f4a76085e	3.5
7aef4efd95b2085bd89bba81ef13bfb733afc6197a57bfce93d3a95729e3a6aa	0.6
1fca3f3321710ffcc61b8edbbe7d8131ef4125165b7bc10c66bd0ce31662641b	1.6
6c1a7faffeff36d446e7783ea626f99135b98e4611774e46e016623fa790b7f0	3.4
047a83cb604e0962c8f2a91317edc485f2c7b949507acdd3422014777df39d03	0.2
9ffc598339adeddd1de34bac5e2c3d3c00da587d1a2ba370ed22c0c3d9b58007	2
cc36b892c1303be3fe1cc0ef4646d218e02c6f0fc760b972e6947e0c9f563dcb	3.6
09f48172e14266ac608d39d4bbe6421998fc836b88e480e7257875acdbb895f0	3.4
3eb044a8e994b7159251db86e2c65a3b669bd8539c15a6f9f402139ef78ddf4f	2.6
b84bc439815939b3ead75c29e7e6440f31794de9b359b85b664f2d65f6b52360	2.4
3621c9e4bab943892191e1927197b3a07dbc1dfc918a251aa980f1b840d37689	1
b802e00a73819a4248e229abc6772cfff852d35bb4f5499da8daf235baea1d02	2.6
939f1bfa351f94dc3c1306841e509f95f06b796e81a93868292f138807fbc702	2.2
83827b418bfee40df719f4aaac940331453d6bf6aada94495d2db761974edb58	0
3eb0d1b8ac1d7eea537bb15f0ca4522f3fe6ced97161b4f424c6f5c4d39ff7dc	2.2
e8139ef766225a158882c206a44daf2db43d8b1ecc0d8db4be9c58a62ec428fe	1.2
b4be203a1338afea92e5f6015107281dbaaf2a85c1886e682a3e042394b15392	1
f3117c2c441aadc05b30d83666854e771cea1715f69fe993ae800424f1f275a3	1.8
1747236ba3662eed015e2f6eaaa4bb29c5aea9215dd75d618ba1dd0de7526cab	1.4
aee9db2ee85965eef9b7191b2ae112a5293f7a435d4894e84901ef9ce5913642	2
f42dfd081d02f905049ee9724b954de3eeafc09ec091575e94af84ca2cbd0732	2.2
a040a81da29bdcd6a3858646b1b38c5a5891435f9f1a48b571f133cc2d146775	2.4
eb3a87530ebd430222ac9ecead7ff1a6d8acde6d76a16c7a11090ec2b2bdfc34	2
34624a18d180bd9908afffa97a8940be2ac71f92c675a5d628324b9f9fbe67d6	4
901d1feb79fdff44669b4c40e8a45b79af7586401565d2af01559df7deb959a6	2.75
28863330677e0f9857c6005c64b93d82c350b4cc039746a2c4010a0e18d5c482	1.6
6dc8416f292d144786b5bccf35c184efecb25fd3d27bd289ccea0b209578031f	3.2
dc94b3360a6740c23355455694becc02a0f8273f7e9c94be4ce458421ea8009a	2.2
b236fede1727235ec126f3626b996283ca0f28c2d57eb93f0f080fb4966829e8	2.6
ef095bbff200defe773188ba4f91c1ee6227e17ccc595eca974da48040b6e52c	2.6
1de3dc00cc6a60111baa7736e4031a82de4bf9912c730cd898dd13152922cdf2	3.6
14ffaaf8f39a808dd3d1972af9ec5b60303f8b99ac4a4cc8b7dbf3d7c76ce778	1.2
e7fc1f0a413bb085b340ccfe4baf46e306fb7a56f5a2bfaa1a1c4f9469dfa1ae	2.2
b0ff9a1c44416a8911a34246f9e0b3bbfb7490ddb167c94c483c802926c08bc9	2.6
70628927afdf1871aa44a7726bb3ecf55df8d5d00fd29fca8dd090558f1c13c9	1.2
b834076ffcca1a204462b29e705bcb73da57f7442121453b9b5d866cb6d52093	3.2
867350755fbc797ded032fd2dc60e47e46ec9e7c6a66a3f81ac6ff42d9fdea8e	3.6
bc4a7e6cc1ea176c7c7db154f571543f63a1e97df57dec363b3e75c70ab17891	2.6
7fa3d1b9c24292f2dc3bee04b25aa6aa752f9da735bf5fcb17670727c5f374ce	2
4c018bb14f71b70326e173b4ba357f645a373ffd8bba870a9bf5a0127fca7a57	2.4
c31ce18529e613ec92ccabf79d709724ed105bf74473eb40c4df83cb5c8da2ec	2.2
84d63c13bb0cd50c9b12b458b4e655bb32a9684a6f263436d809441e4b2ed883	2.2
50df783c5d81778198386f07799b6a85181a49de4a1f39846691fe857559c466	4
bf6dbfd646148f69b758a44c14fc5a472698b091a047904c0603836ca64ee9b1	1.8
efb9af432aeca8517e5fed6556dfe7f7a76b7ea649cc7b73ac0db6ece11e6a7a	0
3645e993330a329104b2fa60a39684988ed63062889e4a7e95bab7c3d22c8c61	2.4
3552d4dc4dee8bf8956b64ad7e4f3a32c4fc1bb3e6fdbdd7fb2dfee6ad9f5a51	3.2
ee42b0a3afb9bf6a97aaaea9eaad3b6929906e3be86c0b413cff90ec10d4de3d	1.6
8d32fa0814410742ff019b78f22e375fc38e98ab0ef79047d8e770b58874a290	3
b0e5bb15dbccde7ff59487ad0ab390a8569eabe358d7c1451819ad6be9ce9cec	1.6
b60a42b6fe6c5bee8cbe0b2555b3b8ee236f8fd2bdfef491cfebf4fdffbf29a8	1.6
00098fdc2fd0cadb5ea857ed258a39a3aa5e3e5247b7554eae1f36ff98172162	1.6
d33bba867295b411710f1c8adc2af3bfb61d9d022b20ec387ace646181537d27	1.4
0893e60a0e60d5aeb09be7801e98a04aac43cfe4209d3764a5ae2fee8efa531f	3.6
2ca3cdf6dee5faa85d511adb82f8c728376cdf3b0d4dc4e38a3d03d3ce91e5de	1.2
9bd1095320ea10d50cc635b9dae245941d831bbc6fa2c477c7751babf3edcfd5	2.8
ba284454092fc1403e9df42bc9807a62554762e7e246efc09218324608486465	3.2
0277ffdff4b9b402d022ecdf95eb007cd81ba78a02d23575a7daf99ad0523592	2.6
429aa9df3621183717990a08f377aa01443b0f0a366666d6bff2fb4d97c8b15d	1.6
c750f8dcb2b1aa252807ca346414c7cc57856b8ba6b84eaff5e280b5f640a542	1.8
e54062234031a6a8f685fbc8971f5aa5f42cd715bd271b277ecb9ee2d72950d5	0
d314718c1eb055625811d0628c3a98c837f74b1c0b2566e88efeb07677021d0a	2.8
aae692c4a5aae21d519fe9600462f1fa3eaecc6cd8917b61375099ac2503b73e	3.4
0a944d281e7012b7c26fe42f4cbe560812b321bed25a5326a84a53461e7c8055	3
554cd6bd1ddcec48333f8b447c6532579f666f983340412fd59d2d31e1cbe2b2	3
9b15b64a2329c84520fdf7d5e979ee6f5fe1bd28d52f811af5d9b4fc9827228b	3.2
21a42943008d4f0a6c37f8c08f0b627175b15223a748ac1b230e909d82495108	2.2
4fde737317b03a2ab0802657e6c565d332e0f8071e4c347a5572741fbed726cd	3.8
f00e9705c66cbf2736097ff7ac55090f4f15c61309a1284c94242b0ab8eeb1d2	2.2
7fc583f64a76105f94fe10fd86b918fd0169b1ab37b33358a903a3ba42afd17f	2
dca1458caf718e49125ddcec5a772963a782f1e09dd2c47e5f8274dfb7c64f63	2.6
b6ca2a1a3414ad8c9081a4f9065d2b6e833ddb6285b10a998587107c4e9c9df7	3
35e0ea5bd2aa8f0b7e102157d469af387807397746dc119b720cd7650f92d4fa	3.2
bb1fefd3e88aedb922ac52b15f849d6a70bb859133fda888c8cb226ba4d52be4	3.4
e356808c58eb46ed1df7aaf70abc05dcc3a1f2fcf1193849a1595ca30669efc7	2
f499b2e3fffc1f68509a2a6994184a11121e484a0c96352f9ec382f64c4b918b	1.4
b2df87069168f28e68e3ebd4a7b96e2a1ab67d59db371435f2467d26a0fd3060	0.2
21656e2951c5b1ffe70e7ce27b7a7ab63f7aa6b0374fb142073490a784243710	4
57e024f324d6d799f51b3f3622bce37140f966dff518dee03ba128e1200e6f17	2
f17a55e983d97c9da7862838116636d0aa5e97cf16edca46d29c1b6509795f8b	2.8
5e6699137e4e3469edacd6e5efa9666c89db7b578ab6fbedd961326028567728	1.6
0a7e792b911b634d75fddc262d67edab31b3ccd4a1ce6372b30fac2ad69294d4	1.6
ad4755a257b5053096375e78d97d7d287783382e609fca6f166642dae683f14e	2.2
b95ea1be7ad101a64bcba5a7029876c7018875d61f8c3745e4a5a10051a7b041	1.8
30785630303fe8e1f3fd24d8986add892e0e77d0e01a797420477dd48b2496e8	1
89e158dc14667539f8c6a84fb926293d8b266be529f2be4ab216a72e5d2bc642	0.6
fb31d845444b5d197d5bbc340765715a2afa954c78d8b6c5ec094485207161af	3.2
8626fd1a67875d785a240382362d98cf0e942861b79346304c6118ed5738ca6b	2.8
a91dc19e801dd804a82d187b181e93d057f71bdd1ec8f8013c1c24b7955467c8	3
dfd3074fe8db78f0989b1f82745f5e2dfa7c6d7ee5620e658153eb0c8868eb1b	3.2
cca1bb7c3a12c9fc14e84d4d1769dd7361c34c91483ca40fd8c5b7ab0b4f422a	2.4
ef1ae2f1fbcacccce59b0000504de252763003b17f1406ed6d1940d25100c9f5	2.4
85d89c4b2c69f896ac9509a7899612e4add2397e827ef949d5224e6cf8f08ce4	3.4
3e029317657de4a7dc2803244dcac7c46198f99086f31f8b5fe8477b8d0c1d72	1.6
635a604b0a0e523c2ec053f3e68ce7e8640ed1c3055bcf9abd59c7843f760b84	0.8
d7ed79c6542b935fcb0f96bf8a16233293c415f9cc812f5b4f30b604c287e8da	2.6
b4653dca3bb80bf753d62e1bcd5500a0677f45529c152b9de12f8b9e85d9dcea	0.4
43dab2986eb1f872441123b0d57feef66fbf4603671e188c26488c0942821b5a	2
f25122e99bfe7d48f74fb83e8d0abe6fd50bd9b7f43483abcec9faad5550e43e	1.2
eba7261804db17cd1e6646f301c4d9fb88fb549842aef44b0fb72da107c6161a	1
18865a6ba3ddb796db5afec536bdcf29d1a71b5fe9074034560d34b774c81af2	1.6
77dacdcc248aa4bebf73f68b77e91d3296197e023d9d8988a69a954de8927770	1.6
32985645103b29b5f978979b5384dcc870bc8af4ca8c4c34845709e70e393cfb	4
3b0c108f5aa1cc5ef6409944300b0e29cb353780f2610a14835fbc25804efccc	2.4
4575695a75307bc13456a16d3ea474e30d77875cf0ecc4b0aa0f8001f0afdf09	1.6
b6008f55c7b87e1284d404ceb54c7ea914f84c1b6c513e3d484e99da306aeee6	2
7e515a228968fa30706b1ed9c7d886f38820e94614f0a2da39447f97d2ce6d18	2.2
49e3773f2f17a96a0f4ea274133e1f3052ad2fc72f51cd18135ce95644570008	1.2
c9f518d89c0ccb068b75b10701a23fa6d280af20d7c41ed95b63ed606d68a6ca	2
3500c2332e28a6afcfe1f4bf81ea639fbef995e88316045e1ed7b659d6a8ef70	1.8
c207133af208987ba889ed3064cf3eae43a3f1e0df49925c1df08027808f097c	4
c06e840aadd4f6302539f3bef5977159f021fd00cf1f3638725264090ab8ce3b	1
940ded8f49fcb1846f5daed63b54da6a7525b7150053ea6e65c3da3794b70da5	2.4
b3ef89860152fc41909bd5f2d70ed9e9976be129967163e57c6b20d610f44702	3.4
0b3e520e13d3bea012129de246d041b75bac76a2c1b83179eac7529a20adf8db	2
7d8bd562f95dd6217518757f83537900f4c57a01600f02311506d04ba73a3f54	3.2
116c50eb290a8ef3f42c06ca32e468f8925dbfa9b4e544eb8efd82d0125e9af4	3.2
b74bfa126b5bf65cd726cfac5082fe3dee305d8e36820fd53474c86654c2c2db	2
3645d6d00b521613a79e96697d307e98145ab9525639a5e2cca10d48da1aec6c	2.8
614d0d07f59fa8cb1c038f839bce919d248054ec26e5864df9d40ad2eec5c669	2
239345b97ce8e757e2b159a932ee9c4c287d6b3622ef5d50022c5e9fcdfe9f66	1.2
3adb4235eb99c6daed984847ce63133aa26640f51ab030cc7f2597073cbdd551	0.6
9fb53c4eac485fe6ea574090c28fe57d565e3a44033c442638a3bf7229717834	3
f2349f93431d35b6865654469c1a136925ec9e0c24ca7b05ddcde18441601a8f	1.4
505200df6fe8c490b6427b096ef719357f58e0e85efa2eb921b969d3662039f4	1.8
5c63a946fdb7163a29ff9a1a165f806b70ec918bde3f28d911b91b00739548cd	1.4
215aa56334de22cc94420981137e975d14ad32dba73ca0663aca7bd21382c4fb	0
c60b484e48e7b87193ceced01c16b2e53d7dbb6c8c6d89a19c83dcd75cdaadf6	0
d135e9ac80eece419ad5ac3486a52b205b42a3b71b652a6ad69bb8c591672493	2.4
538bdef16df35d28a686e149bd63cecc208dea026a7495e8145aaafbd177a8ee	1.4
6c9f27c07b2120f20759ad651bfcadbb06c2e7c1dd666a7c1abac93c8984eca0	2.2
52d7374a31c9dcabb7bc897168ac2fafcf28a5474bf32bc95c650af33a45178f	2.6
87197ba684c75dd16e6dbfdfe67fe4329b6ff6f32a100ed6ab380c3423397310	0.4
c7845d674f6bc97287a7acc2099bb9937f8da1b9fe65d07c332ffd5b98df30b8	2.6
2e2552c5a552d3debf4ada94f9f660756ca039be914678fd260723e268387f31	2.2
5420a7075595997e99d771a04f75ee0e13920fbc3f348f9addd6b9c724f24fb0	1.2
8052cd55b473616c041dff8369365c7df4d32063e8b3e09aac1debc051c7dfdc	2.4
325c49b7476ad9b629a9606e0fda32a5aa45d5f5efaf162b91e35364cea711dd	2.8
c351a116e7f64290ae60fb7591044cde8e62e40c777f2e1721f84f003c2c8213	2.4
ba4e51e71ce1a6f8768d7465566255bcdd4a3e7136206c728799fb46a0ab52b4	3.6
5a7c9ab9df5e9d2e60f97b70344773958847df0e22cea7fe15301f9d9d530227	3.4
dca1458caf718e49125ddcec5a772963a782f1e09dd2c47e5f8274dfb7c64f63	3.2
27231302256a64f7129f86a79534d35115d535468aa3b3d5f943cf98721d9492	2
4707c1d49aff51f18a9601d3525f1f66cd2622fc589a80bf1e56e2dd0e39fad4	2.8
6c083070f21f265de910feadc1aad567335f77c839ca81e15fc3b6b14979c287	0
80d2209154dbab9276dc8c70c1de686c8744fe9323ced3fd88507c6600e62dbe	3.4
d07526384d9fc77d17e29b5a88ee684203a74dc032db3e724e976deb144b0f76	2
79a3b4c9375ca3fc6369df6be17f9974d6e52627453ce7fbca23ddabcc679fe6	2.4
b1aa389137f29ac44caa37c3b0d66b7ce47aa262af8e4a79c3d6e6d892fc4b14	0.6
89ac44c2ef1c12b98bcb5b37b89acfccf57ec89489087950ff4ac07c9514fc18	0
a93702591f7cd5268ae1b6ee5c17b54adecd55960db7c823f16e553c37622f17	1.6
4e887cedcf6e611bc468701758097e84343e5782e102678dbae80524abb0fd65	2
34866f933764b79965b7fa7934a39cf3fb521e9161526549cb6731a47c5e1533	2.8
45d39f89b2070bb21d6c41333a5122557a52c00dfe8e99473e0a11f65954206a	3.8
18daf49f21b98997d0ccac6d6c74116fac5ceb6c136c15efb4ffdd5a6e01370c	3
06e2289c057f1e6cb33d88d8136ff676ac1801c0e43e5d8734e389d2f5147f2c	2
a2966abc4b9538ff382caa70005e77adc3f9d8793b98931275445c80a837ff25	2.8
22bf745be27e94a365c187c529cb93d0027e53e1e8cda5a53fab10b948610807	2.8
104aebab2ebd78639ad883f2997e02e9c209e2ad9949097890dae66fee5a187c	1.8
2233038495baa5730e623810dd02420b313e9317b4379c294dd9318fcf27a9ad	0.2
911a9f08efb0bfa99ec78002e9aa164acf4b1f70e3b17d577b4fe1cd342de1e4	2.2
af62d872407a8ed9c7a4b12901d277299c0a8041c0ac0f333dba008a3dcf8d7d	1.4
4c5b78859d67b1d5d141f43733f6f9e9408513eb6352cd67cb35300ff7c050cb	0
c800e42bf6e1286807a936110c53b37477690a0560aeea47af2579c606ee822c	1.6
382757c6c1059ee8665a193bd3426ddfe08a4221bd629bc41993ba648abf77e1	2.6
21d686ea442f6bd0496eb8cc4e2e6a34b234d4fbaf65eeaa1f19605e6fe5c537	2.2
a9cd3aef09c35340efd734d1f7e9165c3edbe6351069dc3dc87fc4ddad5dec9e	1.8
14e0664a6bc90340a2d2c40865a6a34a2e36b009df3ecf5df3bfd4b8dac0ab74	2.6
830ea7d51b88a26fa96a209cf853c0222debec1946fa0b2682cb46d6915f1a93	1.8
6ce4e3b08d2a7232aedf5d1cccfbd0e71aa371d89e1a076a761f5ab62a1bb335	2.6
a05a8635f33a8521f611c4912827c59aabe235d36adaf68063f6b36035b342ff	0.2
9857ef592f794095133d3f6f890aa35fdf0a3bcf17d98d3e760fc2f9f5b85ea4	0
7878f36447fdcfaa34f4d937e77c921b3578ee8d419fd852b84bcd03a4cc478e	2
97e21e9cfb965d28a65775cf21da568f980d89f881ef5813db1c81c787b62579	0
cf4e3517dcc1b777be7ebcf8a400c73d89e945f9b88e82198d8e7ea9fab9c458	2.6
7c515eeee153b715a142ad539fd95eac06854bf867ebc5d40c97eea2361139f8	1.8
6dc804c682de22ad1dced7023948aef8485a21b02c6c182a50abb8dd92b552fc	2.2
6026b609db091b982f3761f93f94baafa903a2c996c3241f4394be5ff133f348	3.8
16ebaa7c217aabd38b48be317f5097654e11e2d535880b50442b88a35629f822	2.4
3dca89ff3f7d885782613428f6af1c69f7f159d71b149170cef70d022e307efc	1.2
68d61b281ad44ded05d2aae568e01a3f53323fdb359ebf32b7e43cca7ecf7c72	2.8
21d5960b0f49114b31056d0c2a407c83907b3645f1afe2f9fc0ce972c1ac16ee	1.8
a9f8fc5c2fbac691997ebc0cc697502b324fe8b8e5c60933d68e50f5daebaecb	3.8
e4a52600ec49fe476cc2df679ce4835d6b72ae54bf38018c97b1b50f0fc70503	1.8
aa3d152737c9ff92350d64a016a2250566250e9cd359ba9c7cfdcd218df1c4db	2.4
b97cb13a62ffa6d658296605efebd15adbe20d7a880522299505774c50f3edf6	1
66427042e6c95b71c33ab007517ffcc3568878ac6020a02c556f0cbe095ee574	2.8
e86f3d0874f2b2c37d94cae361c9a87fc8b8c8e6093d0f576f2271b7c56df384	3
d0cb47a59f8721f520c64728e51a1bd246b885bcf36cc849d6c1ad37e39714cc	3
4cbab8bb8eaea3126a739e38acd47b93bd22dca463ac3a989f3e87e6a006989e	0.8
e76de58f57b1c89aa3c5b4bf3d62d962d3b2c3915e7b9b1c972ec421c8523361	1
32c9c965a4ab9bb32acbd739c4f4ab6635116c7721f196b32234cd464d65cccb	1.2
ebcca6f8a4bb66d54787078a9522f3ee6c82d9b309b2c99b9beec89cc72cd7fd	1.6
3715d7ea58012cc23907cb1e43fd3346f576297b5b9b9f5ff5740bc25adb7319	3.4
f1dbed19c0f197116d009d42735ec0d32040b514b9f095fe8eee830d990179b4	2
c97cff3b3079e0cbcba5e37e26022e6e778a110da1fcb74767960167af2ef537	2.6
38a1941975ed881a5857ec6e025d92e4e2087aa628301d804322e3d808603e2c	1.8
e697d281273b2648f404048391bef3ec20f6c4d0ec75afb757e694519d22e9c5	2.6
4f9dd00d4ea2b8bf9631b23f36ea7107c2e7b81d376a9d51294ced196eec084c	2.6
9cf276022c4d776935806ed468acc5ead6be8dd5a6843bd3e26eff2516673c02	2
cdfe5ed25820ea7afb2098efa12265b698794fe8fb8a4033acf63187670c85ac	1.6
d6adc1a107d1276f41983c3638997e6dc3c9e763c0315c91b547564800d39616	2.4
8e74454206f076eea89b13db4cb4925635472130b9639a3e589f3385e432f361	2.6
edcab406bfe509ec0a676512047b1703da62b090bbdb1b6b80506d2bed138b15	2.8
5ff725dd10410e6264eec57771b84e8ca3ac8c0fcb6c2377903f00e5837894fa	2.8
3defb817aa0fc9fbae33f839e651c2581fc1e0e4d5cda358b3cd89f5e7c05b88	3.2
94e3382f948f97f0344eed0c6e3d946482138d4c6d96ac487d812c0558720c20	1
5ecac596611fdd6670ea47a6f7fdedb8c1c3af3417c3f3d41d4cff064530daef	3.6
46d5b6a02bc237190517f8b4567af93a88773bdcebf477fdb47c9e374f1e6950	1.8
0c09ea5271f84531f0287b36851b0696d0e9c1fa21fa1e44127d3dd17f152fb3	3.4
b55ef416f41899bb7604e2931023ea21eccb3fd7354c0b4c605fbbb754ce0c92	2.8
ed536894add7dbbe71b6200f5fd14fda8f85d8ed13e570443c726f71816c157f	0
4476cae23dcf94d6d873ef54763f27de119b8fbc723f42aad939e712f245bfe4	2
3ded15b4042d1563d1dabec657e6a45d3100a34c448cc97d6b812d93cfd56ac8	1.6
d76ae28c0377c08bcc86da09af416aa6e3bb02418cb80a5c830af5f91b020648	2
c6af90b1472a966d5149029cbf33c62a0670b471655aeb718178dfeee193fd77	2.6
2d0d97734c6e35eddf0b8d2a8a41f826e76861c6582837de2f6b1b35084c2beb	1.4
ebcc232f88e2169b0c524ba809002a44d6530740c0908d98bc96127891c80e89	1.2
c5e239c44d3e696e716bc205f6e2bf3ba83e39f3d974e7e68611deeab644fe66	2
68b462beadbc360467997c273bede51fd1ab948785cafc0dd593cf0765ea0f7e	2.6
bbb86e30268be1cf644e681b29cf81ac10222b0630c16d9b6ea11ae58438e5cc	1.8
5a981d48a3873c38546efd04329c2bf35c424a7b478b6ffd7c5bce8d1cb588c5	2.8
030822aa205a964af6fc710857bda55a52279b372382d398ea2274727ca4e006	3.2
fc79d427b3805b877dadd580e9ad408942c34a3802dedd7801ac4ba01c9bb32b	2.2
7bad0010fc0248b5a1b8a1d7da686ab6643d2c1482881f336bcc8d6b3787c1d0	2.4
a7e6f486e81b380cb7a280e7c655cc2f36c72dc495754a4e4c3715035efcfc1c	2
c395d23e9ae6f22c33d7f7e9a56911018cbdf1a84661ce5cdbd148652d90ecc4	2.4
efa2e52c00f44a1e8913d46b4f52175d08d0e2baab018aeb989d8c29b71e7ab9	1.8
f57a18b1de6342e4937762733f627013d9993fba6d7600a87c7bbcf9dbff156c	2.8
f1f404d42afbd5287e4666f7c2b4229b7acc5098b1a2bd7d9ec92fc9d5aaadf5	0.2
cb9a6988500a2f2e7b53679584d6eed8d32dfaf8bc4def95f4428cc2310cf827	3.2
14d35b705d90c298fbb9e0681abee14a9b66d2a742bdcdc378c532599eb46879	3.2
43d07dd3291d0e1fdd8de2b818e60447ec862036c3d9df4386db51b6a2c7c0a3	2
5312c3300cbf032e5be5cd700202efbca34d873026459d16a59e70c5383467c1	2
8d549ada7c9a5ad691527c3989a4e5a54edf795bffa0ab2d64fea7ea2e0b70f0	0.4
6239d01d101cd54beee4d8efbc46f34d82560afc6fa50f7b037a4469ae754503	1.6
79ca292522f5e87830bb8e5bb1362f2f81797cb6a69a8cace5ba2fe0efd93de8	1.6
3ac3cf7b77d44adb56fba923941357da73c06eeda45c0d997c8e60f0d6259e27	1.4
52f9ff1a9fcfb964b4a0577b884ed1acaa0fdb94bbab9059a6fc66eaf45fb880	2.8
c9aff2762cbaaf6d5ab0969454208ea110c393513460f76ec5f94129c5d32b57	0.8
ca67172da832cc793c57b75bd800b838b6b8ae82849e612aaeed08f17dabc1d7	1.2
b0862e8c41c5697e2283a9a8fe8203ce3d1ddb5a7613c0ac147c0f3a749024ec	1.6
b9616b4e1c3da0ec1275fb51df1e155cfcc14e88d9d420a90664a994f68b199b	2.8
b3f2a8bcf69bcd196d1222156b45c878caa06f8dbff30aaa3e8da71925cef76a	1.8
f8e360d5fc1c405641ad6d4d34f42059ec74d68d46623e534f22b583b705444f	3
d42ec4785905562c2d9dd1541ca984e3904999316667606df1278ec81f719dc3	0.2
9d94323dc0c80aea2f4f2a59839a4d202ca0f3d185b31aa9ef074260803aa383	2
d3d114cadb5b521019fb6587ea569d0ace38c20feb2ea127b786e31d71adbd1d	0.8
28efadeed1e0178736b2ba621dd2dc23b0b167bedf150dd8bcc99ef305cfa698	2.6
e9c1ff129c4fcc7f7769593ab2508875d804b65cadfdd611ffa8022549f7e869	0.4
77d2d0662a7e65cd67cfc230dc94488a4c82d3d6a95ef7473efc15388b20b9ec	3
b37df026570eaded172d418051740ec6ed7469c35dab130a0523781af205c6b6	0.2
a73c86e2e13bd356ced30c0eb336d56595d719d70fe9a168e44165126c45ed24	4
93e39648fa39b7adece9065703542de78bd689638c5d008d206abf4556e87aa0	2.6
8a44180ba6363421971e6c26b513b4e550681356e6f71486f4041c33ff14731b	2.4
b62b9cba9417425cabe3a52147734cc0e00b7191cb09193fc3521592397ae9ec	1.4
30c2a4bfc63d44ca8a617beae1dac5e6e54094b068f8e7217c216aa41d192fd8	2
b66673189f7aac80d2c3ad9a0f42d383649623f38f8e74c0d148bfb42654bab1	2
8e0960ff895ab961d7548ab20d9c50c273e9886823ca137a9fb168dc39d734f2	2
e772a6c40203ed01b9eac6537ba5f8ad3501862eea785276c9818a2b4b31521a	1.8
a0d040cc9ee123cefaf724560def128e7cb839ede86dd00aacf8c236644006d5	3.6
8caab97fb40a72f23567805b62982be064d60fd67a7111419100a29da7ca9d58	3.8
efdf3ba623dc25637d3334e4f49bbcb398b4941017eb7dffda260a878d1bff6c	2.4
83bd448abd1e0ccec1305bf2ffeefeb31c2e21fcdc31b603f3c5f3099c8352f9	2.2
5776e286557a5a1c2178dd8303e74eb8afefce866cd13311ff0946ca7313b3c0	2
a4846e89325b35b9b79af542e7288093ee0d8147ca95f386bc65ebc447f21bde	3.4
64745f203feeb789a5b06e9c7f9ed1d741f4dd46e41218f854bbbefb5660f6b2	2.2
96ecce85c9ce3c563b2db3d617ff931e3137e418ccb06d52a8953157583594d7	3.2
bcc1398ef33555f0839412ea522e4ae65c82b942422318ac7a8008e215b8074c	3.6
99b5bd3fbfa4cfa14ce6e41098c266e9018f1f7bdebe5a90e5d8e3104474821d	0
67666d00c4efac94276384ccdde7fbd5461914878528c9ead8ce9366eccbb341	0
8c62d057b3c4e982c7c16c654035f13a84eb31adb5969bc200f841869bce2116	0
defaef5e5015e7aefab9b871487116192e822d205cb71d8f2d46e7897c5b75b6	0
a86afc98d3546a426af60cc277cc7af7caed442d03e7ee991e98a89cf70cd30d	0.6
2095945b3449c7904426b8533ec542b72a22ec3e72d3e7aec82172bb6625e2ad	2
4a09fd188517950ace4da99634eb183a32c7046b56c0f89e0d8c60fbd97bb1d0	1.8
77bafe8dfc22a5efff44edd222b083dce149fe583f5bf2eb5baf446ee4d888ec	1.8
a4f153780a60a1a80e0556c91b86eebd38878bfa3a8418620dec74693266443d	1
d0370650cc7d12bf7a743915fd84400cd2d471488c0188b3b0e8ce372cf51833	1.6
385d73922244fab85c5db5927f1a470a2736ce6259f4efe66685d2b3b4724500	3.5
0372c93b686836a421b907a6d2431dbec29f3d8d3acfcdf55046c6b4854acea1	2.2
b59394733c2c84a6646f590d9c7f46fab0158aef3ae2be97619e4fb8f3c6f030	2
aa901d6e4339adc45267a471a48593c0f094e2ede11f55c721afaff8611f1732	0
08ee286d1a144f2bd274328512d74ceb68c5c8f70b63e3d61a934ac55e8a2292	0
02cd759545a0136ebe8a0e17f9b36c9038ce21038d39aeb1d5c44e1d63a2f34c	1.6
3a51868054b8fd14a85fbec7a85db4ac0b7cc564e05c752d7574d0a1b97fc2cc	3.2
c54e0ceac5ee49f24ef75135485070597167170ab252c451a1d287bbb5c15bd7	2.8
dd6006d6fff4e4269f5e1192fb60f67f3706ecaba8789aef4dac24d8f905a11c	1.4
5c0fe675f5950e4ccc7c608c6ce6a06cba419a48b8bd6cdbe15fbfb8a2089d60	2.4
a4eec9d42e881d9521dbb941939becd11ee5f3374c39fa26b48399718b763b34	1.6
a25c41322215ad242fff106cd9c342c2102fb2c4f3e320c47e939d6e3d13cc31	1.2
fe6fe3e2d848bd006ff4a2ce0d56d19c5525c730cdb69c8ef8de2a9e544e204e	2
d5b1fc1996cc36624e6591f8024ee2c28af78a075f26d68fab25ef39a2170119	2.8
8f20910d74382d724f48d7c9cd22947c5fcf04e169cf5ebc80593774131d809c	1.8
c9be181cdaf44f0a55c98aea55b7c79032ef7fea67f8adfad88276e7bdd1ce6a	2
e361e317e0dea7b7d7938e72257000d049207236d99a500eb29532d183738bd9	2.25
94b79486b56477c6bee6f2d282b5cd1804bf9649a51aece569fb969252daca2c	2
b27eb793212313fc82a687bd9bd4b9d9da81f9ab8d6b6233634cacb97cab6c68	1
e4ec06583b0c9ba5962c044bc3a354686d266368d2e9cd570f7b15085c828752	1
60eaa3214f2f3f4ecd8ade26b58614eb7057f533ba0fb67e168cdcda668db92f	2
f89f7884e3e6d3ccae3d42834b2ed1314634cd14180b88815fecc5c1b2ff5bdf	2
86036f185a702c2bb33e6c550c23ed0a51ac4656bf8d84373b86636fe9cbe199	2.4
dad7bcb955f697654435ad161f070ad06e1e96a1d4becdeea390ae6de75864fe	0.6
04a33063787c9447ed051564e62b5055c68bb1b0fe618119a514e5de65ead87c	2
fb4199fa92d227ad9f8307ee80bd2cf0d541aba041315502c91dd968576d97e7	3.6
25830b642cd9a500d34fb763bd3388d582d9a3916c4f28e48d9ea694d30b0475	2.2
1de4a4a060dfe5ca16802b550e7bf7944e25f33bc3424b8efdf0d71fe388d630	3
c5142c2d902fbd3ff08fd7d405311093a0f3e1390bef51bff70f445212fb46e8	2
57dd576b514db6615749e6e4a3bab3dc1f917b4921d2f5e8f2bfc0e878dde192	1.2
7d6295eaa3e9b55ede571c29c30dc0404aede53aac52300a13789eb9d3ee8107	3.6
ca1c1358943cba0eab024ee57ce9caa4e7accf5b443c1fdf4137f792bd27b2ab	0
9f3c98562d0f80c02ad6f2ecbf93b540c341ef1ec41baac3360f0d19c5d79376	4
c566385c58fb57ea246eee19763bc4aed55f99b28299c298cbae4f0d155bf4e0	1.4
bf8c672fe03fee909a98640333a9bbccd8fa8eef307c551ed4b533451fbfbd6e	2.2
653dd03d58a9ef0a29c02bf23e0ffbbcb5cc3b21d2d81e034d0a65e869d161ac	2
d962ed84d6b5dade79642ba70642618cd0ccc8dc4883751565a4b5e01429805a	2
5644132f0efc0124e127435527c8fab7a7907822969ab568e9a7d5c478bd0f4c	3.4
27d04d90d0ffc2f5a37ed00220ea04d27cd29d911bfcde2940e9e79aa7ea0b3c	1.2
1300933119254914c89c632680fb0a397fd3c8fb20c3e778d3557c8a5ea5839f	0
7d974e42e5adf40670ee128cae1569cd29cbc70f1e7e8775dd6e9ffbf82a6871	3.2
1c4a261fdbbf5797508990e3a1bf8deebad32ba6f9609de8fda298de0171ddec	2.6
44093ae9778cb5afc07f123f0a41fdcf59475a3ce99a24a4fd0ee8f2783bfcfb	2.8
823c910bd1bb08f035f055e4cf73ca9196ee94801aaa0e8442c5d01ef139ebeb	3.4
50fec151c703b7c872bf0e6bb041cf8b6498f905d639abe2fc3b3b1a802ba059	2.2
da1c6d1d5ed2839082193ea5182f8fa41524c13a0ccdcf77279e6703490a980e	2.4
288040df391490f7490bca3136b213b389d5c866d23d08056d1c1bbe2747748c	2.8
5dc3e5977609d272001bcbd83fc34fff32b59ccad3f355422e746185b729c8f4	1
a2d2013ed1e83f37ef58477e8b3c32e4ae283844731aee18aecaaff2db0cfbfe	1.2
5da76c62cd0fd3510d66d34b43c5f4ddfce8e1ca483ef67aa41e1f1bd21cba22	3.4
9f5d10877bf3fb189ac5314a601e7106a7841b4f7ef51be9f7ec9d2d7a619323	2.4
b760cb2d47bcb8ea140258ca36b78950e76c6b56f43c3c92bd0da174d25dbc91	2.2
a7a0ae39b3d270973b2b72afcd0700aa4af2772f278388a0139eb0c14e8f80f9	1.6
b257c15ca4c5e2f686dbf067086372bf6fe47222965ec1faf7f9f11b6a5fcf81	2.2
c6fae4ba577625c4f55fadd39a698e29eaae611fb62efbae4ea3e3f6918e066c	1.2
d5a49eca0ba54517a20d7d219e6fe0ba11fb7b003a9c9a7115527d88ea02e592	3
5a578d5bd533efe9bb8e1ff7228d4dbdebf7d5c2fcc45e7fbdfff25b2597f50e	2.2
c9e04edbb6c757ebd1c034e2fbbc875d4b5c6fe58a0dcda99fef0d7e885d353d	1.4
c7cf7c34932ce0ddf7247ead5ceeab3e746153829a8fd6f3d20767475638d2c9	1.4
e281927751575c50bf791edd2ddcf39a198a8e0181278b8cfe1529cf117f614c	2.2
4c3d72e95073512775660c827c85b7aeadd946e64e76e5fbe299775aa3183daa	3.2
3dd1616de0f4590bef40454e71e68c1966136983cbf0928299f86b13349b52f6	3
d503a90f778061dadcb32b91937dcd62f2ac61cca8a4b4c4c876528f7676aabe	2.4
349edbf04f0fbf37241a04de3e9be8b89904b613dfcbc29b474eb9c9f8af4462	2.6
17cd42146d9703895d74eed3ca0821426516ce379cead5a6ee7306d09f18e847	3.4
469c6b71e22ca9bc93d88f02223588b9e021c09461225b2d036b1bf42795212c	2.4
dd0a37681caa628162eda73525444ae2d821268dbea13a89b0e32cf866101af5	3.2
6e37f501825098c4d1364eb89a185db939896c32b400822ebc50626f2421d0ab	2.6
5645b1543789fffeadf81cc7dcce2dd8b6ed3463bf72646f44b655b1868499e5	3.6
809272615bd47c37ad86fad1f42cfa3674a604b8bbf3187ecef64499d065099c	1.4
a756f9e49c37885706003292b536d3554e6dced94a9c2e57a5bdc9448ca5f16d	0
a09481e6a1c359edbb22ef6347c35ceafe4774ff190fc77fe912d04432391a08	3.8
1fb20071a65eb259e062c4f69e7ad302e327968c600bcbb5dccdb9764490f82d	3
e3216efd817a43da0d614474cb7dd7c5edd0c5780bbf7fc29e1a57d0e57c9534	2.8
38d60f43430186a35a9bc3777051700a3fe04abe7697136e475b7bd862c9ca1a	2.4
1217f8c701ef4e164f1c1aa02382dd03bbc87eab89f9e03c0302fad39f25a899	0
16315952590c23581dc9a104a3fd5d060ff7d6222c43118527e30dc7c0755074	1
0b8a7efc43cd5d0dd88afa1b222f918e07aee09c05c392a6f36aae0561c99f2b	3.4
a8b204c150217190109cc5cbb2b1f1ab929587992103dd26edbdf3ed69748732	2.8
49fc331eced6e1eee17d5dc77fddbda5750612afa8dc85ebe1d45ac254a27712	0.2
8c873fc8c142bafa3ed98dbf5a87dbd02a69f446a43ba7aeaac369d4ff3c9c6c	2
7fdf8146a00005c827e74c9fdc349c1e32e161d06c369516d44370a87a43f3e0	1.2
0034ada0c7972eb33feae28f8f766af90ef755f328aedacabb11f29303468c73	0
74b7815839baac88af4950b634e984a2ad594218d08aa3a45fdebfbc512d98eb	2.8
15f0af58e8cc00701ba7bf84f36bbc41e879090e033649831274157fb2da40d2	2.2
a42bbee4933c669bf47bae1618292afb7e79e08dccfd16c9378a942b32ba469e	1.2
7472ee20217bc6ee66a742fdecd7e83943e426a0362b5b782f6e32f370864245	2
c23a1398d52d961b3d8d145b44472cf5e85e0b745154f173e7627123d87552e0	1.6
637a90db08f6aea20da4a122375c7744eda806e8dcbc0d122ef2e744d733e45d	4
f2f18a7e0b4c624f5f2c8ef3982656692df6185430406d8f6572ed92a9ee93cf	1.6
34de590e5dd7994f88595d5aeb73c8ef33b49a8233c261246f137c520cf14f76	2.4
c62c13ec3d1c9901f3f257bcf38344f00864cd61c978abfec88b931f3ab20a9e	2.2
2f4a0e4f07a7a4ea5592845d81c9d3fb82f7c5e04aff0d81831d6ee41f3fea5d	1.4
e9535ea443172458d5adc7949c66e0b60c576eeee6ce5244dac804853ee6ec42	0.4
ba557d7f0cbacecc7dfc37a800f054409eaba9bf297bf4b3fb0dd8a2e4b422d4	2.8
aee9db2ee85965eef9b7191b2ae112a5293f7a435d4894e84901ef9ce5913642	2.6
cdde391972a96df087547dbc739c9f68a98f2ed1f6647ad2a6386edc9a33f12c	2.8
fd2eb2e497ec5afc6756ceeb9cb72f58a4e4760a189f9143ac783df6abdef813	1.8
22fda4010caee2c780f511fcca7be2243904ea1d9352f2ac1679b89d31d74f1e	2.2
0115ae22676532c63c333b6b42d4899819219c366347063069d02b781ea5a35a	0
6dca6541dec0113a018931b1dc72166875922b53b5b30ab0822deaf4966a5901	2
9ab2ba075172fb792de222d9cd43fdcfe5575ec490f27dd8138c4a7e3aad622a	1.8
cb66ec147461d7cc0000c9c94fe69168e737473965a2e05a3cc2a868b27974fc	0
70030c256fee043f835918bf46f07e027bda1d622e4f51f41660f7baaddc3075	1.6
bda5a617ae90e0f9e92563f66ae5a0be9155e469793b40e98229faef64528e00	3
0295956f797a6bab09eb67a46770101b5664a576b16bfa1f138b8b9968b32df4	3
30a35afbf461f6f4ac8b08b85fc7ed4c783fe45af2f763123c82f36d2be28f14	3.2
2c0b6236ecb50c1342f2132ccd18b8c1b4c2b21df2246a15e882d2c0f313b99b	3.2
49b2d712c5f5cfad433d54189fa20aa2398a76ab540c414861da957cc9412b37	2.6
ad917a0994b8ad37be65e2bdc939818aa541e7f26c0fe5c5adcbbb5f72137e3f	3.6
0becb38bb3766fb9f85b8da285d4ccc7cd09093f5c17416bc53f486adfe6b1ce	2.8
5f3c82afa78083ae0bfbe826a50bdfb0eeb2efd7794044717fb98067aa380e77	0
004717bc7902de5625de1a44eae96f2757ce587032b68c2c178992b62574e113	2.8
3ed480d6f71a26c698fd2a4118040421c63399ae505da718a28aee293f1f37f5	0.6
9b413ebd81e427ee2e16f3e729eba715bc0de11606d215488ac1878fe1216b9b	3.2
0eb446194df79c377a4acfc8d927488a08edb94c2ecdfd04bb763d133d89ecd5	2.4
ac8e49d8e65c3119bda4ee849a9ce67ce80e50b3260684364ed0875a48d3b6f9	1.8
7ab0c0af263b40863ab79b5375474a29b6a3daa8fc7b970e88a3cbf6b1a90739	2.8
4e982f63b247d65a29ff239cfd18f38ceec14969d549eefdb2fb20954de07ede	2
c796ce983af1f631d37d64833043daf6b440077c7d032dd65eb280dbc6e03d01	3
3b0845f1d1485809dabd0036c889bb44f17e5812202a6653761c4e7e260a5899	2
2b5504a2e78e2f4e1d4cb990cdd687d04f808d476e4298caaa6c0ed071b90997	1.8
b35e32ae5fe5b69483493dca47e59410273f99bddb470e8b986df50a1be81bbf	1.8
ad0f234b609b197fd1899811fa20c4e5cb3bddcd73fe80bcb5792b56e9d5f58e	2
7b76253cd782c3b4d8ec6b1343d531e10cbf41dc2b6fb126d3788697b24e820c	2.2
9ab2ba075172fb792de222d9cd43fdcfe5575ec490f27dd8138c4a7e3aad622a	2
588c1a895202d022e302538453619cd111e22adf091c9d919dc54bb4820bd687	2
c22275841bd0ebeb37b9c753da7cb7bb2b9d2d76bad9247d37d688af6d0b8292	1.8
cd0cde584db42c6c97f4d593b48b3100ee2175e203ac4e588c4376a9816ca1db	0.2
b00b349187977ae40d964b06faa439c8c92cbaf93f2fa5f124f62cec0af25fe7	0.6
7a6de47d10c86ee1de64bf4531dc8c060143a77d5387830b49e6617720c32a7c	2
6ea44bdd967ed6a1084ea479b857f4d518f254c7e0ae1596e9059c4e87beb9e2	3
a0db1788c9b32b22c3fb124708488ca2d1324b3c0356bcd1b7defaa9c81af2b4	1.4
fa55f6948ea1de5b0e6528fea6575f693506ec315d95b5b60493ddf3a5a653f1	3.8
ab9840d1b96648f747fe65cf31d8369805c1439ad502c7194cd033c282417cf1	1.8
d8633c3cc529377a3bca4a9ac60491e672ec93082e5ddcb75d71fa64d7990d16	1.6
f0936eb8ba6cadfaeef317ff47c7ae483060dacce801c5af2b2054494f4c0b39	1
410c5e13faf5add97951de9eb283b2a35fe6abe00e2e1742dd4796fd7c34d840	1.4
e3a0ac8b3c29239c7dd885b9739e5a399fafd3bf271a33db252e1f39e188f3d9	1.8
eb59ab5da68254a5efbff6fd7098afc06d910a6136114dc681ce5878d990af27	2
1fca3f3321710ffcc61b8edbbe7d8131ef4125165b7bc10c66bd0ce31662641b	1.4
d6c59c1a5741bbaa94cd8b67116dbc862fae0b17604aa2ca594c1f4b7f784153	1.2
b06e05ca3d091510bf9533d994d9195649021eb79671258dea642efeda697b4f	1.6
f695430ce4d33566fa0a6f846db178944be623ec3a63f815c4a2693a1b8afb56	3.6
d2abd6d9d154ff134acddc467aed89f91f4c594677816e5a6210ae8f0f7e9a91	2
f213a16e2cb3a4cebd2259d4032cb55e81a8f2705eddca9a945df74d0e00bbf0	0
881b293e1ce6040d8cc6719d4cb7b6de24891d95efb9c5ef5db270da08235481	3.4
613c0d0fe629a1dc3bde6809bbb24e64aaa539fd32e17504bd1209b7dc49cd85	2.6
2a3bbd40eb48efd4affc6cefa11b80d658f8e0ec51389b9dbb750ddb4f04ecb4	2.6
1e939464561a88ebb5c7217f514bfb6ee894f9a0adbb681f8df9111f09f0bf10	3.6
52b669c37ddbfa9db1bf7c14348f5fa7af820228fd040213b385e20148777547	4
b5e6e8e097f76e93b7b4588879cc7aa17983b9668e6a6f04b9fd1df12bf348b6	2.6
498dd16db99fd12c1bbebadc05cf5552b53c4e9dfe54e3a41a6e3b58463c8ff4	1.8
e738572b80036734fcedb7df7b5c551f377383c54089a0671d58fc05f43fedc6	2.4
829b4f2883e741e6f042483251706c15f450b3a0ca44cef78ae111dbf740e966	3.2
44ac78d1ab2c5affe603b2e56c2a72e0fe50c346995080eda23ca38d4d727ca9	2.8
90e32bb37716deba1d0bc68d6bb190a21da5747b3d83c45df03459c24b955332	2.2
cfe098229edf5e4e6d647a4f440f4b849749038f7037f682eb35cf0209f2f410	3.6
6464a3e5c895b693eb6339713dffb189e134e152704b237593d3744fd19ebdb9	0
931f824d950a35e10e52f1bd55f1202cd93f933f85a1d0eb05ab7e8f40842cf0	1.6
cfd9cae8e9d5fdc6800a2e33cf95a745dd7072376b05d3d1f4b209c259a5c118	2.6
9593214fc6a4001e11ab533983c09708400eee13c0ff445fd90cde182555f4e2	1.4
cf87226624e7d1a7f92a5a5d5958a914e57f2dee8daaf1bd0a959db0f7296787	3.2
e25f7186e3c8c96b0f6b283488cf0025d6be923e4a28708ae7909b1e511680d5	0
2ed76ce09123452aaee6f6e607389b5620176a1ba7a84ce730af03a39561d84c	1.2
3c3ff7906e6dab1854673ca865494edf50f939f150d5bd65abc1b6324b837fcf	2.4
b228f570cb9fff8e97f1cb227e9cf9bf6cd90b74bfc775fe0599d069e2acf586	0
1465383c0775406cb2b7b738dc1ddbf4f9ccbd993a76868a5af527e092e18d40	2.4
c2f86d16a5ccdc8879b1713ea5adfc2f8590a156f3d5a21cab6607d3bc58850e	1.2
e0f57b705aa21da7df42521ce4ac9ec6984c6562d11c0b53f16752949a66d5b1	3.2
0d36f9add016072f5faa4509dd276eda589d8df93eb37f1119f77160a2a7ce7b	1.4
1ce6c53672d1181637a77137cff0f4886da2aaf4a5e98e2251bb69b61f236bc4	1.6
5f62e24539faa360cfad3e394679fd1beff55415d249423182c14f858210a013	1.6
3ee5323d4ce3734dac6bf84f3cf94b83b9215e9a1f76765f442815f838b7e480	2
e6140adbb15d9dc099e851475edf7f8468604a058871a0b3e94129c72bbd5fde	3.2
973d682b13c42f68ca9dd508adfc55a4383a41344b00cdb8b035c481b90ecf7f	1.4
dde96756f9f5a1a1f32f89fa94d13fb9249384817fd5107acb04435119b7d18f	1.6
2640da0bde824e61640df2adadc328b3d884c89b605872bcaa731bb4329c318a	3.2
ffef16d7d9fb185bb47bfcaf8be27e33e932c95f895245762acc032115ae79b3	0.8
6747cc231eb110e1bedd47290a5c64c73fb2db9d6d64f7f60096958797739e1e	3
3deb456ccdb65b17c9c4537f33899f41bcae2e0c28a20f4ef3c71cad56f37737	3
77a9321852f4610788535d451c602a04b3234a18e1ae810bf14fb8d7323bdd58	2.8
612393115bc8ade1750f8526c14c1e669dd48ca87b38dbad18aa458e12392e12	2
4c81b3ed09a9349dc71873569cd4a032dc4aa996da0713efb481e9da626e4da9	1.6
59af05fc5db99051d7c82d7d5d0cb3b0bfb4cb075375ace52b61d87cf393b4c3	1.4
eeacf2830dd1deabb9a9340c3636de65551c85c1d3af5449c2ced943573f6c61	3.2
f7d0d75dcef97062767780aa6150157904607eb75064cfdd02bd58a42082fe58	3
18a22b0918e9da259368ece630e1fa7a4a893b632476205cacfafcdfa7bb861c	2
ebdde9972af1e88f8a29a1c2f9e9d73f4ef0100b721cc1ee8381dca4fe0db39a	0.8
32985645103b29b5f978979b5384dcc870bc8af4ca8c4c34845709e70e393cfb	3.8
8e9a9fd1dcfb61e4148e79ffbe92d6c0489e77a824a5b58950f02323892025b0	1.4
710770a93ebf4b11784930bb1cfb49587d3c8dd56a23fe73cb9dd5294408720d	0.6
316fde1aac2cc8888e3a5b6f704df887f922a3751da947c37d7b44e6b8fbcb0b	1.2
edb94583219a3d1c4a3083b22ca2da83e3dbd6ea187614b41ca0dd06760e5b4c	1.4
e7f7415b9fffba8570a44b29637bc17ce7d13e6142655ee0ff15f7c05029256f	2
c26d1b469134c88305a6218dd9830e8e8936448379b3d8ef7bb684e511ffd330	2.2
ba414175e0fb7cc239659f8329494c84a81a44b2652f48a3b3bbef6319e940f4	1.6
e84b8d7648caaa6725ee7621fb371f3562e1f663592cd3f6c89808e545c8bbb9	3.6
50c1ce4c0b65553bae6fcd13c0bbd9e8262bf430695cf14d5b4e65ff4575ff36	2.6
e644b098fbc03521c68fcce50df1d313c4e08d737421210df6700746c5473425	3
2656b3a90c2621f5017aeedaa5e3a54cee09b3e3b57a7bacfbcfc21cfbe2b199	1
3ed7052daa66a1e2875fad32c7221da12de0ca37e83cf1e691de7b6651157b14	1
ec21e01eb55dcc4ba1be6ebb1ea1e918aa5adf96ae22d08ea96dbeea5e5ce2a8	0
45b540a590c10d58b7df0c4c9f3d049e1532561674e21aa714c193b19e016f58	1.8
12a91408682cd315790286bbec26c8efc37a6b42c9823732231fe2c3305ada96	0
a211a81acea783e28a2f21fdab9d08b2aa003ef6055e0b7cffa2279c680f22c7	1.2
4f7c2a94dc4aa189bf0c2f74ed9b5342e54ba04a1bc23a127db02562f4b5014a	2.8
73cb3229b03ea420c7fa962f80cfca3919cb2ff7bd8253806890bb98e866c41e	1.6
b3023666d5d1e11080c08dc11c178499941a4ac95f995bda8ea7015192dd109e	2.2
13a2e8fdb561e2323d830e4e135c1d654cd97d8579fa869f427167dc8bbbff05	2.4
78a5685b6a9f36ea7d3b56d54a4254c3281e77b6a073533230ffee05c45fc5fd	1.8
2e49a9904b6a18c9be0c74010ff3d5907e57a54c074c48a379acb95d6bf72831	0
ddead9929c271d71a6b1afdf2251b20bdfabeb708f7a17aab8e3eb10ecc295c8	2.2
0403f0cbf471ff01063af26a8b2f366e987987268f26d40bf34f35a9b8301cb3	0
7a85cd4e60c07dbc058a40389a45a8c93189d5896ca594f6ea628906c47eb91f	2.8
582a8f2cae3d5ec9b53033e61a587685b5a673effc8aae5c6dd10bb57cd1d911	2
64c7381f60a10d650324bdd57a7b315fe3862c010f54e7816e92fca6968f088e	1.4
180ab732cc4f75e150bf9d2a08a56d4fbd135381b9c64a69c9cf8a2f37f6cfc9	2
8a4a8051b539591d41b1b8c03429bf0678da68982dbd173c3cd41786c24dc2f1	1.8
11ce0efddefb3c29cf4cb66da3ce60c7c4eb1c05974848e453b245f0f9c63a56	0.4
4f5cbbe4c17ae6d118515951fa38e41ee8b584c941e84e4db5e0414e932cbf04	1.6
cc93036545a64f3a71d273d36d1cd834cfb1fd72a6273b273cf608c3b5ecbb96	3.8
a9373d09bc60309c1210d4f6f0486ed6e10ff64d4e52fd9909e6d837b41125d1	2.8
458cb4ecb75452a6bbe4019476c1648657eab13b598c9eddee138e10e0db9674	2
9a748fbd5d108424686ac584f20804465134c367ef1c7dcdd30b2cbbb1485bc5	1.8
04fb6c64721780d365391aac3ba9fe44e001b79ff50d389004fcf848cd7a9662	3.6
5f294af35bdbb14ef0ddb67616c3695b252a143cc2bf71abbc5de1d5b2868fa1	2.8
a917459d227f0e45e441a7c5cfe82657081146bf877d59e38a888b1968c6e304	3.8
c8b4ce1edd98270739fc874fb853298a622b2b11544b184184b0d1cb3cc6a020	2.8
d4248f94d2a37c42140f4489d80867c48af323323b8beb41d672a6ed399baeef	2.2
de8fa2b07478bd4f4ec4e390c7977898a40d2f2218ef25c452628c10f0321bfd	3.4
272751a59a809ce9b49b2b8a56f50c83389aa4b016fc7362d0d148d4ede4e36d	1.2
319fe2aa9b205db13f60db7e4d53b26d22faddb6ab148ef6f3d6d86090f9f06f	1.2
ac1e577224f09de5b87a8a4bec79bd534ce6bf8a33137319e4471044b8c7a155	3
fd93073dd86b7f8acae138cb603b72a52fd0d62eba0591b9832298e551d36a26	2.6
223dd9ba44aab16f943bfaf6db51de702cddd3d40e3320e20fde9b045b293ab3	3.4
930d8cd8abdd26c182cf8ea4e21640b2189fa8d34a53cfb54834376448341f71	3.2
567f7470ff8d36fe716309316e42aa00133b115ec583bd6e7b2c7dae46d5ffea	0.8
2bacdb0898c02584ef9f8870b89bd42e2f5fa3c5aea7f1675bba14d545a6f8b8	1.8
4e0ca67d8ac3817e94e3828c3492d894d23e4884bdf8626971f2e03cdd19b52f	2
58c324420ac9ebcf5ff47e4af69555e58b711add82c860e370acdc6d28590d35	1.4
0849c458f0476f349f8978581e10d6e198148ffb830f3c5d2768e113d879402f	1.8
1d52e42e11f73fe8299aca01a3b0122ccdb1b88a7633d5efe5a0de709ab4099b	3.6
e9e5070813017e8e3ea118e2c68b124795c75544ba99547dd26d508173c7e654	3
8df394273c172428b942628fe682dcb4ae99c17cd2b6df8e941a6c52070129f6	3.4
ae1f9e55926dca4469e868752892d50d17d9a8e8d7b3183052cdea960b3e38a0	0
9e9b249c67f962a80360ed899561e27a54e1376b97c4b6546b4724db995ae602	3.6
85f7c9d8623a4758f31819d6a4c712fe1a14ae155fc6ff6aabc97d9bd096293a	3
944baa2220dc6fbace3246dc65807bea488f0d12821610e5ae72f70c62e80da0	2
b92ad54159482ce4ff352a723584ff3c079d90b031ca35a5cad93cc90648d700	0.8
f652417fc91b94d32fca959c632870de5fad74006bc2477850fb824e137ade13	3.6
c49ad94c1e8298095082b6823488fb7f5f05e33e96eafd61f89702929853a305	2
fdbad1c03d05ee9b9df99db8dbdc5a50b9530b312acaa57846eb7393bdeca6e4	0
99cfad6396f62c1c6210093882ff96e1b37f58ec50f24cc058bc23fe509306d0	0
381983b11eb0868302f71fea76d8afec2ef677335c1e743404f0699af2f8461b	2.6
